no,page,supplier_agent,supplier_valid_until,product_materials,product_type,classification,brand,attachment_urls,source_url
1,0,"SHING  LAM HUAT SDN BHD LOT 60359, JALAN KPB 2, BUKIT BELIMBING, BALAKONG, 43300 SERI KEMBANGAN, SELANGOR",21-01-2028,PILLAR HYDRANT,A [Conveyance of Water],PILLAR HYDRANT,TVT,https://water.sabah.gov.my/sites/default/files/uploads/products/25627/sijil-website-jans202615-shing-lam-huat-batch-2-pillar-hydrant.pdf,https://water.sabah.gov.my/products?page=0
2,0,"SHING  LAM HUAT SDN BHD LOT 60359, JALAN KPB 2, BUKIT BELIMBING, BALAKONG, 43300 SERI KEMBANGAN, SELANGOR",21-01-2028,BRASS GATE VALVE,A [Flow Control],VALVE,TVT,https://water.sabah.gov.my/sites/default/files/uploads/products/25626/sijil-website-jans202614-shing-lam-huat-batch-2-brass-gate-valve.pdf,https://water.sabah.gov.my/products?page=0
3,0,"SMP SOLUTIONS & ENGINEERING SDN BHD INANAM CAPITAL BLOCK G, UNIT 58, 1ST FLOOR JALAN NOUNTUN INANAM 88450 KOTA KINABALU",21-01-2028,ELECTROMAGNETIC FLOWMETER,B [Instrumentation and Control],FLOW METER,ENDRESS+HAUSER,https://water.sabah.gov.my/sites/default/files/uploads/products/25625/sijil-website-jans202613-smp-solutions-engineering-sdn-bhd-electromagnetic-flow-meter.pdf,https://water.sabah.gov.my/products?page=0
4,0,"SMP SOLUTIONS & ENGINEERING SDN BHD INANAM CAPITAL BLOCK G, UNIT 58, 1ST FLOOR JALAN NOUNTUN INANAM 88450 KOTA KINABALU",21-01-2028,ULTRASONIC FLOWMETER,B [Instrumentation and Control],FLOW METER,ENDRESS+HAUSER,https://water.sabah.gov.my/sites/default/files/uploads/products/25624/sijil-website-jans202612-smp-solutions-engineering-sdn-bhd-level-meter-ultrasonic-flow-meter.pdf,https://water.sabah.gov.my/products?page=0
5,0,"SMP SOLUTIONS & ENGINEERING SDN BHD INANAM CAPITAL BLOCK G, UNIT 58, 1ST FLOOR JALAN NOUNTUN INANAM 88450 KOTA KINABALU",21-01-2028,LEVEL METER,B [Instrumentation and Control],LEVEL METER,ENDRESS+HAUSER,https://water.sabah.gov.my/sites/default/files/uploads/products/25623/sijil-website-jans202611-smp-solutions-engineering-sdn-bhd-level-meter.pdf,https://water.sabah.gov.my/products?page=0
6,0,"SOHO PLUMBING & HARDWARE SDN BHD LOT 502-C JALAN BAYAM KG KHATIB ALI, 15200 KOTA BHARU, KELANTAN",21-01-2028,PILLAR HYDRANT,A [Conveyance of Water],PILLAR HYDRANT,LOJI,https://water.sabah.gov.my/sites/default/files/uploads/products/25622/sijil-website-jans202610-soho-plumbing-hardware-sdn-bhd-pillar-hydrant.pdf,https://water.sabah.gov.my/products?page=0
7,0,"SOHO PLUMBING & HARDWARE SDN BHD LOT 502-C JALAN BAYAM KG KHATIB ALI, 15200 KOTA BHARU, KELANTAN",21-01-2028,VALVES,A [Conveyance of Water],VALVES,LOJI,https://water.sabah.gov.my/sites/default/files/uploads/products/25621/sijil-website-jans202609-soho-plumbing-hardware-sdn-bhd-valves.pdf,https://water.sabah.gov.my/products?page=0
8,0,"ECO VALVES & FITTINGS SDN BHD 8, PERSIARAN PERUSAHAAN KLEDANG UTARA 1/4, TAMAN PERINDUSTRIAN CHANDAN RAYA, MENGLEMBU, 31450 IPOH, PERAK DARUL RIDZUAN",21-01-2028,FITINGS,A [Conveyance of Water],FITTINGS,FOX,https://water.sabah.gov.my/sites/default/files/uploads/products/25620/sijil-website-jans202608-eco-valves-fittings-sdn-bhd-fittings-fox.pdf | https://water.sabah.gov.my/sites/default/files/uploads/products/25620/sijil-website-jans202608-b-eco-valves-fittings-sdn-bhd-fittings-fox.pdf | https://water.sabah.gov.my/sites/default/files/uploads/products/25620/sijil-website-jans202608-eco-valves-fittings-sdn-bhd-fittings-fox.pdf | https://water.sabah.gov.my/sites/default/files/uploads/products/25620/sijil-website-jans202608-b-eco-valves-fittings-sdn-bhd-fittings-fox.pdf,https://water.sabah.gov.my/products?page=0
9,0,"ECO VALVES & FITTINGS SDN BHD 8, PERSIARAN PERUSAHAAN KLEDANG UTARA 1/4, TAMAN PERINDUSTRIAN CHANDAN RAYA, MENGLEMBU, 31450 IPOH, PERAK DARUL RIDZUAN",21-01-2028,FITTINGS,A [Conveyance of Water],FITTINGS,EVF,https://water.sabah.gov.my/sites/default/files/uploads/products/25619/sijil-website-jans202607-eco-valves-fittings-sdn-bhd-fittings.pdf | https://water.sabah.gov.my/sites/default/files/uploads/products/25619/sijil-website-jans202607-b-eco-valves-fittings-sdn-bhd-fittings.pdf | https://water.sabah.gov.my/sites/default/files/uploads/products/25619/sijil-website-jans202607-c-eco-valves-fittings-sdn-bhd-fittings.pdf | https://water.sabah.gov.my/sites/default/files/uploads/products/25619/sijil-website-jans202607-eco-valves-fittings-sdn-bhd-fittings.pdf | https://water.sabah.gov.my/sites/default/files/uploads/products/25619/sijil-website-jans202607-b-eco-valves-fittings-sdn-bhd-fittings.pdf | https://water.sabah.gov.my/sites/default/files/uploads/products/25619/sijil-website-jans202607-c-eco-valves-fittings-sdn-bhd-fittings.pdf | https://water.sabah.gov.my/sites/default/files/uploads/products/25619/sijil-website-jans202607-eco-valves-fittings-sdn-bhd-fittings.pdf | https://water.sabah.gov.my/sites/default/files/uploads/products/25619/sijil-website-jans202607-b-eco-valves-fittings-sdn-bhd-fittings.pdf | https://water.sabah.gov.my/sites/default/files/uploads/products/25619/sijil-website-jans202607-c-eco-valves-fittings-sdn-bhd-fittings.pdf,https://water.sabah.gov.my/products?page=0
10,0,"ECO VALVES & FITTINGS SDN BHD 8, PERSIARAN PERUSAHAAN KLEDANG UTARA 1/4, TAMAN PERINDUSTRIAN CHANDAN RAYA, MENGLEMBU, 31450 IPOH, PERAK DARUL RIDZUAN",21-01-2028,VALVES,A  [Flow Control],VALVES,EVF,https://water.sabah.gov.my/sites/default/files/uploads/products/25618/sijil-website-jans202606-eco-valves-fittings-sdn-bhd-valves.pdf,https://water.sabah.gov.my/products?page=0
11,0,"ORIENTAL STEEL PIPE SDN BHD LOT 3, LORONG SUNGAI CHANDONG,TAMAN PERINDUSTRIAN PULAU INDAH, 42009 PELABUHAN KLANG, SELANGOR DARUL EHSAN",21-01-2028,STEEL PIPE,A [Conveyance of Water],PIPE,ORIENTAL STEEL PIPE,https://water.sabah.gov.my/sites/default/files/uploads/products/25617/sijil-website-jans202605-oriental-steel-pipe-sdn-bhd.pdf,https://water.sabah.gov.my/products?page=0
12,0,"SVM WATER CONTROLS SDN BHD NO.2, JALAN TP 5A, TAMAN PERINDUSTRIAN UEP, 47600 SUBANG JAYA, SELANGOR",21-01-2028,CONTROL VALVE,B [Flow Control],VALVE,SINGER,https://water.sabah.gov.my/sites/default/files/uploads/products/25616/sijil-website-jans202604-svm-water-controls-sdn-bhd.pdf | https://water.sabah.gov.my/sites/default/files/uploads/products/25616/sijil-website-jans202604-b-svm-water-controls-sdn-bhd.pdf | https://water.sabah.gov.my/sites/default/files/uploads/products/25616/sijil-website-jans202604-c-svm-water-controls-sdn-bhd.pdf | https://water.sabah.gov.my/sites/default/files/uploads/products/25616/sijil-website-jans202604-d-svm-water-controls-sdn-bhd.pdf | https://water.sabah.gov.my/sites/default/files/uploads/products/25616/sijil-website-jans202604-e-svm-water-controls-sdn-bhd.pdf | https://water.sabah.gov.my/sites/default/files/uploads/products/25616/sijil-website-jans202604-f-svm-water-controls-sdn-bhd.pdf | https://water.sabah.gov.my/sites/default/files/uploads/products/25616/sijil-website-jans202604-svm-water-controls-sdn-bhd.pdf | https://water.sabah.gov.my/sites/default/files/uploads/products/25616/sijil-website-jans202604-b-svm-water-controls-sdn-bhd.pdf | https://water.sabah.gov.my/sites/default/files/uploads/products/25616/sijil-website-jans202604-c-svm-water-controls-sdn-bhd.pdf | https://water.sabah.gov.my/sites/default/files/uploads/products/25616/sijil-website-jans202604-d-svm-water-controls-sdn-bhd.pdf | https://water.sabah.gov.my/sites/default/files/uploads/products/25616/sijil-website-jans202604-e-svm-water-controls-sdn-bhd.pdf | https://water.sabah.gov.my/sites/default/files/uploads/products/25616/sijil-website-jans202604-f-svm-water-controls-sdn-bhd.pdf | https://water.sabah.gov.my/sites/default/files/uploads/products/25616/sijil-website-jans202604-svm-water-controls-sdn-bhd.pdf | https://water.sabah.gov.my/sites/default/files/uploads/products/25616/sijil-website-jans202604-b-svm-water-controls-sdn-bhd.pdf | https://water.sabah.gov.my/sites/default/files/uploads/products/25616/sijil-website-jans202604-c-svm-water-controls-sdn-bhd.pdf | https://water.sabah.gov.my/sites/default/files/uploads/products/25616/sijil-website-jans202604-d-svm-water-controls-sdn-bhd.pdf | https://water.sabah.gov.my/sites/default/files/uploads/products/25616/sijil-website-jans202604-e-svm-water-controls-sdn-bhd.pdf | https://water.sabah.gov.my/sites/default/files/uploads/products/25616/sijil-website-jans202604-f-svm-water-controls-sdn-bhd.pdf | https://water.sabah.gov.my/sites/default/files/uploads/products/25616/sijil-website-jans202604-svm-water-controls-sdn-bhd.pdf | https://water.sabah.gov.my/sites/default/files/uploads/products/25616/sijil-website-jans202604-b-svm-water-controls-sdn-bhd.pdf | https://water.sabah.gov.my/sites/default/files/uploads/products/25616/sijil-website-jans202604-c-svm-water-controls-sdn-bhd.pdf | https://water.sabah.gov.my/sites/default/files/uploads/products/25616/sijil-website-jans202604-d-svm-water-controls-sdn-bhd.pdf | https://water.sabah.gov.my/sites/default/files/uploads/products/25616/sijil-website-jans202604-e-svm-water-controls-sdn-bhd.pdf | https://water.sabah.gov.my/sites/default/files/uploads/products/25616/sijil-website-jans202604-f-svm-water-controls-sdn-bhd.pdf | https://water.sabah.gov.my/sites/default/files/uploads/products/25616/sijil-website-jans202604-svm-water-controls-sdn-bhd.pdf | https://water.sabah.gov.my/sites/default/files/uploads/products/25616/sijil-website-jans202604-b-svm-water-controls-sdn-bhd.pdf | https://water.sabah.gov.my/sites/default/files/uploads/products/25616/sijil-website-jans202604-c-svm-water-controls-sdn-bhd.pdf | https://water.sabah.gov.my/sites/default/files/uploads/products/25616/sijil-website-jans202604-d-svm-water-controls-sdn-bhd.pdf | https://water.sabah.gov.my/sites/default/files/uploads/products/25616/sijil-website-jans202604-e-svm-water-controls-sdn-bhd.pdf | https://water.sabah.gov.my/sites/default/files/uploads/products/25616/sijil-website-jans202604-f-svm-water-controls-sdn-bhd.pdf | https://water.sabah.gov.my/sites/default/files/uploads/products/25616/sijil-website-jans202604-svm-water-controls-sdn-bhd.pdf | https://water.sabah.gov.my/sites/default/files/uploads/products/25616/sijil-website-jans202604-b-svm-water-controls-sdn-bhd.pdf | https://water.sabah.gov.my/sites/default/files/uploads/products/25616/sijil-website-jans202604-c-svm-water-controls-sdn-bhd.pdf | https://water.sabah.gov.my/sites/default/files/uploads/products/25616/sijil-website-jans202604-d-svm-water-controls-sdn-bhd.pdf | https://water.sabah.gov.my/sites/default/files/uploads/products/25616/sijil-website-jans202604-e-svm-water-controls-sdn-bhd.pdf | https://water.sabah.gov.my/sites/default/files/uploads/products/25616/sijil-website-jans202604-f-svm-water-controls-sdn-bhd.pdf,https://water.sabah.gov.my/products?page=0
13,0,"CEW SIN PLASTIC PIPE SDN BHD LOT 305010, JALAN CHEPOR 11/10, PUSAT INDUSTRI SERAMIK FASA 2, CHEPOR, 31200 CHEMOR, PERAK DARUL RIDZUAN",21-01-2028,UPVC PIPES,A [Conveyance of Water],PIPES,CS,https://water.sabah.gov.my/sites/default/files/uploads/products/25615/sijil-website-jans202603-cew-sin-plastic-pipe-sdn-bhd.pdf,https://water.sabah.gov.my/products?page=0
14,0,"HEAP WAH BARAKAH SDN BHD 38,40 & 46 JALAN 18/2, 46000 PETALING JAYA, SELANGOR DARUL EHSAN",21-01-2028,DUCTILE IRON (DI) PIPES,A [WATER PIPES],PIPES,PAM,https://water.sabah.gov.my/sites/default/files/uploads/products/25614/sijil-website-jans202602-heap-wah-barakah-sdn-bhd.pdf,https://water.sabah.gov.my/products?page=0
15,0,"IKHUA ENGINEERING SDN BHD No.1, Jalan 1/1, Taman Industri Selesa Jaya, Off Jalan Balakong, 43300 Seri Kembangan, Selangor",21-01-2028,PUMP,B [Flow Control],Pump,CNP,https://water.sabah.gov.my/sites/default/files/uploads/products/25613/sijil-website-jans202601-ikhua-engineering-sdn-bhd.pdf,https://water.sabah.gov.my/products?page=0
16,0,"YMC TECHNOLOGIES SDN BHD No. 12 Jalan Astaka U8/83, Seksyen U8 Bukit Jelutong 40150 Shah Alam, Selangor",24-10-2027,Factory-Coated Bolted Carbon Steel Tanks For Water Storage,B - [WATER],TANKS,YHR TANKS,https://water.sabah.gov.my/sites/default/files/uploads/products/24936/sijil-website-jans2025140-ymc-technologies-sdn-bhd-yhr-tank.pdf,https://water.sabah.gov.my/products?page=0
17,0,"LUTZ-JESCO EAST ASIA SDN BHD No. 6, Jalan Saudagar U1/16A, Hicom Glenmarie Industrial Park 40150 Shah Alam, Selangor Darul Ehsan",18-11-2027,METERING PUMP,B [Water Treatment Equipment],METERING PUMP,LUTZ JESCO,https://water.sabah.gov.my/sites/default/files/uploads/products/24604/sijil-website-jans2025150abc-lutz-jesco-east-asia-sdn-bhd-metering-pump.pdf,https://water.sabah.gov.my/products?page=0
18,0,"LUTZ-JESCO EAST ASIA SDN BHD No. 6, Jalan Saudagar U1/16A, Hicom Glenmarie Industrial Park 40150 Shah Alam, Selangor Darul Ehsan",18-11-2027,Chlorine Dosing System,B [Water Treatment Equipment],Chlorine Dosing System,LUTZ JESCO,https://water.sabah.gov.my/sites/default/files/uploads/products/24603/sijil-website-jans2025149-lutz-jesco-east-asia-sdn-bhd-chlorine-dosing-system.pdf,https://water.sabah.gov.my/products?page=0
19,0,"DUHUB INDUSTRIES (M) SDN BHD No.4, Jln TPP 5/8, Taman Perindustrian Puchong Sek 5, 47100 Puchong, Selangor Darul Ehsan",18-11-2027,DUCTILE IRON PIPE & FITTINGS,A [Conveyance of Water],PIPES & FITTINGS,DHI,https://water.sabah.gov.my/sites/default/files/uploads/products/24600/sijil-website-jans2025148-abcd-duhub-industries-m-sdn-bhd-abcd.pdf,https://water.sabah.gov.my/products?page=0
20,0,"HEAP WAH BARAKAH SDN BHD 40, Jalan 18/2, 46000 Petaling Jaya, Selangor",18-11-2027,Copper Alloy Stopvalves,A  [Flow Control],STOPVALVE,JK,https://water.sabah.gov.my/sites/default/files/uploads/products/24599/sijil-website-jans2025147-heap-wah-barakah-sdn-bhd.pdf,https://water.sabah.gov.my/products?page=0
21,0,"BESI ASIA ENGINEERING WORKS SDN BHD Lot 11, Sedco Likas Industrial Estate, Jalan Kelombong Batu 5½, Jalan Tuaran Inanam, P.O. Box 11746, 88819 Kota Kinabalu, Sabah",24-10-2027,MSCL PIPES & SPECIALS,A [Conveyance of Water],PIPE & SPECIALS,BAE,https://water.sabah.gov.my/sites/default/files/uploads/products/24590/sijil-website-jans2025146-besi-asia-engineering-works-sdn-bhd.pdf,https://water.sabah.gov.my/products?page=0
22,0,"DP CONTROLS SDN BHD 42, Jln. Kuchai Maju 11, Kuchai Entrepreneur Park, Jln. Kuchai Lama, 58200 Kuala Lumpur",24-10-2027,ELECTROMAGNETIC FLOWMETER,B [Measuring Device],FLOW METER,EUROMAG,https://water.sabah.gov.my/sites/default/files/uploads/products/24589/sijil-website-jans2025145-dp-controls-sdn-bhd.pdf,https://water.sabah.gov.my/products?page=0
23,0,"CHEMKIMIA SDN BHD No.19, Jalan Kenanga 6, Seksyen BB 11, Bandar Bukit Beruntung, 48300 Rawang, Selangor Darul Ehsan",24-10-2027,STREAMING CURRENT MONITOR (SCM) AUTOMATIC DOSING SYSTEM,B [Water Treatment Equipment],Automatic Dosing System,CHEMCHLOR®,https://water.sabah.gov.my/sites/default/files/uploads/products/24588/sijil-website-jans2025144-chemkimia-sdn-bhd.pdf,https://water.sabah.gov.my/products?page=0
24,0,"BREEN INTERNATIONAL SDN BHD No.27, Jalan Industri PBP 8, Pusat Bandar Puchong, 47100 Puchong, Selangor Darul Ehsan",24-10-2027,VALVES,A  [Flow Control],VALVES,SCI,https://water.sabah.gov.my/sites/default/files/uploads/products/24587/sijil-website-jans2025143-breen-international-sdn-bhd.pdf,https://water.sabah.gov.my/products?page=0
25,0,"BUTE ENGINEERING (M) SDN BHD Lot 10654, Jalan Permata 1/6, Arab Malaysian Industrial Park 71800 Nilai, Negeri Sembilan",24-10-2027,POLYPROPYLENE (PP) PIPES & FITTINGS,A [Conveyance of Water],PIPE & FITTINGS,BE,https://water.sabah.gov.my/sites/default/files/uploads/products/24586/sijil-website-jans2025142-bute-engineering.pdf,https://water.sabah.gov.my/products?page=0
26,0,"SVS ENGINEERING SDN BHD 76, Jalan Sungai Burung AA32/AA, Seksyen 32, Bukit Rimau, 40460 Shah Alam, Selangor Darul Ehsan",24-10-2027,ULTRASONIC FLOWMETER,B [Measuring Device],FLOW METER,JAIN,https://water.sabah.gov.my/sites/default/files/uploads/products/24585/sijil-website-jans2025141-svs-engineering-sdn-bhd-jain.pdf,https://water.sabah.gov.my/products?page=0
27,0,"STEELWORKS ENGINEERING SDN BHD Lot 3, Jalan CJ5, Kawasan Perindustrian Cheras Jaya, 43200 Balakong, Selangor Darul Ehsan",24-10-2027,Glass-Fiber Reinforcement [GRP] Sectional Water Tank,A [Storage of Water],WATER TANK,SUNNIK,https://water.sabah.gov.my/sites/default/files/uploads/products/24583/sijil-website-jans2025139-steelworks-engineering-sdn-bhd-sunnik.pdf,https://water.sabah.gov.my/products?page=0
28,0,"NAN YA HARDWARE SDN BHD Lot 4846, Jalan KPB 11A, Kawasan Perindustrian, Kampung Baru Balakong 43300 Seri Kembangan, Selangor",18-08-2027,FITTINGS,B [Conveyance Of Water],FITTINGS,NYM,https://water.sabah.gov.my/sites/default/files/uploads/products/23449/sijil-website-jans2025138-nan-ya-hardware-sdn-bhd.pdf,https://water.sabah.gov.my/products?page=0
29,0,"NAN YA HARDWARE SDN BHD Lot 4846, Jalan KPB 11A, Kawasan Perindustrian, Kampung Baru Balakong 43300 Seri Kembangan, Selangor",18-08-2027,STAINLESS STEEL (SS) FITTINGS,B [Conveyance Of Water],FITTINGS,NYM,https://water.sabah.gov.my/sites/default/files/uploads/products/23448/sijil-website-jans2025137-nan-ya-hardware-sdn-bhd.pdf,https://water.sabah.gov.my/products?page=0
30,0,"NAN YA HARDWARE SDN BHD Lot 4846, Jalan KPB 11A, Kawasan Perindustrian, Kampung Baru Balakong 43300 Seri Kembangan, Selangor",18-08-2027,LINING / COATING,B - [Lining/Coating],LINING/COATING,GUARDIAN,https://water.sabah.gov.my/sites/default/files/uploads/products/23447/sijil-website-jans2025136-nan-ya-hardware-sdn-bhd.pdf,https://water.sabah.gov.my/products?page=0
31,1,"VODAPRO SDN BHD 100 Jalan Pusat Perniagaan 1, Pusat Perniagaan Raja Uda, 12300 Butterworth, Penang",18-08-2027,ELECTROMAGNETIC FLOWMETER,B [Instrumentation and Control],FLOW METER,HYDRO-AIR,https://water.sabah.gov.my/sites/default/files/uploads/products/23446/sijil-website-jans2025135-vodapro-sdn-bhd.pdf,https://water.sabah.gov.my/products?page=1
32,1,"GRUNDFOS PUMPS SDN BHD 7, Jalan Peguam U1/25, Glenmarie Industrial Park, 40150, Shah Alam, Selangor",18-08-2027,PUMP,B,Pump,GRUNDFOS,https://water.sabah.gov.my/sites/default/files/uploads/products/23445/sijil-website-jans2025134ab-grundfos-pumps-sdn-bhd-b.pdf,https://water.sabah.gov.my/products?page=1
33,1,"SOLIDUM (SABAH) SDN BHD No.31, Lorong 1C, KKIP Selatan, IZ2 (RFB), Kota Kinabalu Industrial Park, 88460 Kota Kinabalu, Sabah",18-08-2027,STREAMING CURRENT MONITOR,B [Water Quality Monitoring Equipment],MONITOR,MICROMETRIX,https://water.sabah.gov.my/sites/default/files/uploads/products/23444/sijil-website-jans2025133-solidum-sabah-sdn-bhd.pdf,https://water.sabah.gov.my/products?page=1
34,1,"IKHUA ENGINEERING SDN BHD No. 1, Jalan 1/1, Taman Industri Selesa Jaya, Off Jalan Balakong,43300 Balakong, Selangor",18-08-2027,PUMP,B [Conveyance Of Water],Pump,CNP,https://water.sabah.gov.my/sites/default/files/uploads/products/23443/sijil-website-jans2025132-ikhua-engineering-sdn-bhd.pdf,https://water.sabah.gov.my/products?page=1
35,1,"LYE MANUFACTURING SDN BHD Lot 36, Jalan BRP9/2B, Putra Industrial Park, Bukit Rahman Putra, 47000 Sungai Buloh, Selangor",18-08-2027,VALVE,A [Conveyance of Water],VALVE,LYE,https://water.sabah.gov.my/sites/default/files/uploads/products/23442/sijil-website-jans2025131-lye-manufacturing-sdn-bhd.pdf,https://water.sabah.gov.my/products?page=1
36,1,"LYE MANUFACTURING SDN BHD Lot 36, Jalan Brp 9/2B, Putra Industrial Park, Bukit Rahman Putra, 47000 Sungai Buloh, Selangor Darul Ehsan",18-08-2027,FITTINGS,A [Conveyance of Water],FITTINGS,LYE,https://water.sabah.gov.my/sites/default/files/uploads/products/23441/sijil-website-jans2025130-lye-manufacturing-sdn-bhd-fittings.pdf,https://water.sabah.gov.my/products?page=1
37,1,"LYE MANUFACTURING SDN BHD Lot 36, Jalan Brp 9/2B, Putra Industrial Park, Bukit Rahman Putra, 47000 Sungai Buloh, Selangor Darul Ehsan",18-08-2027,FITTINGS,A [Conveyance of Water],FITTINGS,LYE,https://water.sabah.gov.my/sites/default/files/uploads/products/23440/sijil-website-jans2025129-lye-manufacturing-sdn-bhd.pdf,https://water.sabah.gov.my/products?page=1
38,1,"LYE MANUFACTURING SDN BHD Lot 36, Jalan Brp 9/2B, Putra Industrial Park, Bukit Rahman Putra, 47000 Sungai Buloh, Selangor Darul Ehsan",18-08-2027,VALVE,A [Flow Control],VALVE,LYE,https://water.sabah.gov.my/sites/default/files/uploads/products/23439/sijil-website-jans2025128-lye-manufacturing-sdn-bhd-gate-valve.pdf,https://water.sabah.gov.my/products?page=1
39,1,"LYE MANUFACTURING SDN BHD Lot 36, Jalan Brp 9/2B, Putra Industrial Park, Bukit Rahman Putra, 47000 Sungai Buloh, Selangor Darul Ehsan",18-08-2027,VALVE,A [Flow Control],VALVE,LYE,https://water.sabah.gov.my/sites/default/files/uploads/products/23438/sijil-website-jans2025127-lye-manufacturing-sdn-bhd-gate-valve.pdf,https://water.sabah.gov.my/products?page=1
40,1,"BUTELINE MALAYSIA SDN BHD Unit G-2-1, Block Gurney, Plaza Arkadia, No.3 Jalan Intisari Perdana Desa Parkcity, 52200 Kepong, Wilayah Persekutuan Kuala Lumpur",18-08-2027,POLYETHYLENE (PE) PIPES & FITTINGS,A [Conveyance of Water],PIPES & FITTINGS,BUTELINE,https://water.sabah.gov.my/sites/default/files/uploads/products/23437/sijil-website-jans2025126-buteline-malaysia-sdn-bhd-polyethylene-pe-pipes-fitting.pdf,https://water.sabah.gov.my/products?page=1
41,1,"BUTELINE MALAYSIA SDN BHD Unit G-2-1, Block Gurney, Plaza Arkadia, No.3 Jalan Intisari Perdana Desa Parkcity, 52200 Kepong, Wilayah Persekutuan Kuala Lumpur",18-08-2027,POLYBUTYLENE (PB) PIPES & FITTINGS,A [Conveyance of Water],PIPES & FITTINGS,BUTELINE,https://water.sabah.gov.my/sites/default/files/uploads/products/23436/sijil-website-jans2025125-buteline-malaysia-sdn-bhd-polybutylene-pb-pipe-and-fitting.pdf,https://water.sabah.gov.my/products?page=1
42,1,"PIPEWORKS SDN BHD 7-3-10, 3rd Floor, Jalan 31109 F, Danau Business Centre, 58100 Kuala Lumpur",18-08-2027,MILD STEEEL CEMENT LINING PIPES AND FITTINGS,A [Conveyance of Water],PIPES & FITTINGS,PIPEWORKS,https://water.sabah.gov.my/sites/default/files/uploads/products/23435/sijil-website-jans2025124-pipeworks-sdn-bhd.pdf,https://water.sabah.gov.my/products?page=1
43,1,"PAM AKTIF SDN BHD Lot 21, Block E, Suria Inanam, Jalan Tuaran Bypass, 88450, Kota Kinabalu, Sabah",18-08-2027,CENTRIFUGAL PUMP,B [Flow Control],Pump,GPA,https://water.sabah.gov.my/sites/default/files/uploads/products/23434/sijil-website-jans2025123-pam-aktif-sdn-bhd.pdf,https://water.sabah.gov.my/products?page=1
44,1,"XYLEM WATER SOLUTIONS MALAYSIA SDN BHD No.1, Jalan Jurunilai U1/20, Hicom-Glenmarie Industrial Park, 40150 Shah Alam, Selangor",18-08-2027,Underdrain System,B [Water Treatment Equipment],Underdrain System,LEOPOLD,https://water.sabah.gov.my/sites/default/files/uploads/products/23433/sijil-website-jans2025122-xylem-water-solutions-malaysia-sdn-bhd-leopold.pdf,https://water.sabah.gov.my/products?page=1
45,1,"XYLEM WATER SOLUTIONS MALAYSIA SDN BHD No.1, Jalan Jurunilai U1/20, Hicom-Glenmarie Industrial Park, 40150 Shah Alam, Selangor",18-08-2027,CENTRIFUGAL PUMP,B [Flow Control],Pump,LOWARA,https://water.sabah.gov.my/sites/default/files/uploads/products/23432/sijil-website-jans2025121ab-xylem-water-solutions-malaysia-sdn-bhd-lowara.pdf,https://water.sabah.gov.my/products?page=1
46,1,"XYLEM WATER SOLUTIONS MALAYSIA SDN BHD No.1, Jalan Jurunilai U1/20, Hicom-Glenmarie Industrial Park, 40150 Shah Alam, Selangor.",18-08-2027,CENTRIFUGAL PUMP,B [Flow Control],Pump,FLYGT,https://water.sabah.gov.my/sites/default/files/uploads/products/23431/sijil-website-jans2025120-xylem-water-solutions-malaysia-sdn-bhd-flygt.pdf,https://water.sabah.gov.my/products?page=1
47,1,"EURATECH INDUSTRIES SDN BHD Lot 1478, Nilai Industrial Estate Phase II, 71800 Nilai, Negeri Sembilan",18-08-2027,"ABS Pipe, Fittings & ABS Solvent Cement",A [Conveyance of Water],"PIPE, Fittings & Solvent Cement","EURAPIPE, EURA",https://water.sabah.gov.my/sites/default/files/uploads/products/23430/sijil-website-jans2025118-euratech-industries-sdn-bhd.pdf,https://water.sabah.gov.my/products?page=1
48,1,"ALLPIPES TECHNOLOGY SDN BHD Lot 36, Jalan Brp 9/2B, Putra Industrial Park,Bukit Rahman Putra, 47000 Sungai Buloh, Selangor Darul Ehsan",18-08-2027,PIPES & FITTINGS,A [Conveyance of Water],PIPES & FITTINGS,ALLPIPES,https://water.sabah.gov.my/sites/default/files/uploads/products/23429/sijil-website-jans2025117-allpipes-twchnology-sdn-bhd.pdf,https://water.sabah.gov.my/products?page=1
49,1,"CEL BIOCHEM SDN BHD Lot 13A-02, 2nd Floor, Wisma Langat, Towering Industry Centre, Jalan Penampang, 88200 Kota Kinabalu, Sabah",18-08-2027,ALUMINIUM SULPHATE,B [Water],Aluminium Sulphate,ALUMINIUM SULPHATE,https://water.sabah.gov.my/sites/default/files/uploads/products/23428/sijil-website-jans2025116-cel-biochem-sdn-bhd-aluminium-sulphate-spci.pdf,https://water.sabah.gov.my/products?page=1
50,1,"CEL BIOCHEM SDN BHD Lot 13A-02, 2nd Floor, Wisma Langat, Towering Industry Centre, Jalan Penampang, 88200 Kota Kinabalu, Sabah",18-08-2024,ALUMINIUM SULPHATE,B [Water],Aluminium Sulphate,SSC,https://water.sabah.gov.my/sites/default/files/uploads/products/23427/sijil-website-jans2025115-cel-biochem-sdn-bhd-aluminium-sulphate-ssc.pdf,https://water.sabah.gov.my/products?page=1
51,1,"CEL BIOCHEM SDN BHD Lot 13A-02, 2nd Floor, Wisma Langat, Towering Industry Centre, Jalan Penampang, 88200 Kota Kinabalu, Sabah",18-08-2027,Volumetric Piston Water Meter,A [Measuring Device],WATER METER,MINCH,https://water.sabah.gov.my/sites/default/files/uploads/products/23426/sijil-website-jans2025114-cel-biochem-sdn-bhd-volumetric-piston-water-meter.pdf,https://water.sabah.gov.my/products?page=1
52,1,"CEL BIOCHEM SDN BHD Lot 13A-02, 2nd Floor, Wisma Langat, Towering Industry Centre, Jalan Penampang, 88200 Kota Kinabalu, Sabah",18-08-2027,Volumetric Piston Water Meter,A [Measuring Device],WATER METER,MINCH,https://water.sabah.gov.my/sites/default/files/uploads/products/23425/sijil-website-jans2025114-cel-biochem-sdn-bhd-volumetric-piston-water-meter.pdf,https://water.sabah.gov.my/products?page=1
53,1,"CEL BIOCHEM SDN BHD Lot 13A-02, 2nd Floor, Wisma Langat, Towering Industry Centre, Jalan Penampang, 88200 Kota Kinabalu, Sabah",18-08-2027,Mechanical Bulk Water Meter,A [Measuring Device],METER,"MINCH, NOVI, AFN",https://water.sabah.gov.my/sites/default/files/uploads/products/23424/sijil-website-jans2025113-cel-biochem-sdn-bhd-mechanical-bulk-water-meter.pdf,https://water.sabah.gov.my/products?page=1
54,1,"CEL BIOCHEM SDN BHD Lot 13A-02, 2nd Floor, Wisma Langat, Towering Industry Centre, Jalan Penampang, 88200 Kota Kinabalu, Sabah",18-08-2027,Chlorine Dosing Equipment,B [Water Treatment Equipment],Chlorine Dosing Equipment,WALLACE & TIERNAN BY EVOQUA WATER TECHNOLOGIES,https://water.sabah.gov.my/sites/default/files/uploads/products/23423/sijil-website-jans2025112-cel-biochem-sdn-bhd-chlorine-dosing-equipment.pdf,https://water.sabah.gov.my/products?page=1
55,1,"CEL BIOCHEM SDN BHD Lot 13A-02, 2nd Floor, Wisma Langat, Towering Industry Centre, Jalan Penampang, 88200 Kota Kinabalu, Sabah",18-08-2027,HYDRATED LIME,B [Water],HYDRATED LIME,LION BRAND,https://water.sabah.gov.my/sites/default/files/uploads/products/23422/sijil-website-jans2025111-cel-biochem-sdn-bhd-hydrated-lime.pdf,https://water.sabah.gov.my/products?page=1
56,1,"CEL BIOCHEM SDN BHD Lot 13A-02, 2nd Floor, Wisma Langat, Towering Industry Centre, Jalan Penampang, 88200 Kota Kinabalu, Sabah",18-08-2027,LIQUID CHLORINE,B [Water],LIQUID CHLORINE,CHLORINE CCM,https://water.sabah.gov.my/sites/default/files/uploads/products/23421/sijil-website-jans2025110-cel-biochem-sdn-bhd-ccm.pdf,https://water.sabah.gov.my/products?page=1
57,1,"CEL BIOCHEM SDN BHD Lot 13A-02, 2nd Floor, Wisma Langat, Towering Industry Centre, Jalan Penampang, 88200 Kota Kinabalu, Sabah",18-08-2027,ALUMINIUM SULPHATE,B [Water],Aluminium Sulphate,ALUMINIUM SULPHATE,https://water.sabah.gov.my/sites/default/files/uploads/products/23420/sijil-website-jans2025109-cel-biochem-sdn-bhd-aluminium-sulphate-2.pdf,https://water.sabah.gov.my/products?page=1
58,1,"CEL BIOCHEM SDN BHD Lot 13A-02, 2nd Floor, Wisma Langat, Towering Industry Centre, Jalan Penampang, 88200 Kota Kinabalu, Sabah",18-08-2027,ALUMINIUM SULPHATE,B [Water],Aluminium Sulphate,ALUMINIUM SULPHATE,https://water.sabah.gov.my/sites/default/files/uploads/products/23419/sijil-website-jans2025108-cel-biochem-sdn-bhd-aluminium-sulphate-1.pdf,https://water.sabah.gov.my/products?page=1
59,1,"VANDTECH SYSTEMS SDN BHD E-2-22, IOI Boulevard, Jalan Kenari 5, 47170 Bandar Puchong Jaya, Selangor",18-08-2027,ELECTRO CHLORINATION SYSTEM - BRINE,B [Water Treatment Equipment],ELECTROCHLORINATION,WALLACE & TIERNAN,https://water.sabah.gov.my/sites/default/files/uploads/products/23418/sijil-website-jans2025107-vantech-systems-sdn-bhd.pdf,https://water.sabah.gov.my/products?page=1
60,1,"PREMIER WATER SERVICES SDN BHD No.14, Jalan Kerawang U8/108, Persiaran Tekno Jelutong, Seksyen U8, Bukit Jelutong, 40150 Shah Alam, Selangor",18-08-2027,Electromagnetic Meter,B [Measuring Device],METER,AICHI TOKEI DENKI,https://water.sabah.gov.my/sites/default/files/uploads/products/23417/sijil-website-jans2025106-primier-water-services-sdn-bhd-aichi-tokei-denki.pdf,https://water.sabah.gov.my/products?page=1
61,2,"PREMIER WATER SERVICES SDN BHD No.14, Jalan Kerawang U8/108, Persiaran Tekno Jelutong, Seksyen U8, Bukit Jelutong, 40150 Shah Alam, Selangor",18-08-2027,CUSTODY TRANSFER METER,A [Measuring Device],METER,Diehl Metering,https://water.sabah.gov.my/sites/default/files/uploads/products/23416/sijil-website-jans2025105abcd-primier-water-services-sdn-bhd-hydrus-type-174.pdf,https://water.sabah.gov.my/products?page=2
62,2,"PREMIER WATER SERVICES SDN BHD No.14, Jalan Kerawang U8/108, Persiaran Tekno Jelutong, Seksyen U8, Bukit Jelutong, 40150 Shah Alam, Selangor",18-08-2027,CUSTODY TRANSFER METER,A [Measuring Device],METER,Diehl Metering,https://water.sabah.gov.my/sites/default/files/uploads/products/23415/sijil-website-jans2025104abc-primier-water-services-sdn-bhd-diehl-metering-altair-v4.pdf,https://water.sabah.gov.my/products?page=2
63,2,"LEO PUMP ENGINEERING (MALAYSIA) SDN BHD 21&23, Jalan USJ 1/31, 47600 Subang Jaya,Selangor Darul Ehsan",18-08-2027,CENTRIFUGAL PUMP,B [Flow Control],Pump,LEO,https://water.sabah.gov.my/sites/default/files/uploads/products/23414/sijil-website-jans2025103-leo-pump-engineering-malaysia-sdn-bhd.pdf,https://water.sabah.gov.my/products?page=2
64,2,"ACTTEC SYSTEMS SDN BHD Lot 517537, Jalan Lahat, Taman Perindustrian Perabot Negeri Perak, 31550 Pusing, Perak Darul Ridzuan",18-08-2027,ACTUATOR,B [Instrumentation and Control],Actuator,ACTTEC,https://water.sabah.gov.my/sites/default/files/uploads/products/23413/sijil-website-jans2025102-acttec-systems-sdn-bhd.pdf,https://water.sabah.gov.my/products?page=2
65,2,"KROHNE (M) SDN BHD Axis Business Campus, Unit G.01, Block B, No: 13A & 13B, Jalan 225, Seksyen 51A, 46100 Petaling Jaya, Selangor Darul Ehsan",20-02-2027,ELECTROMAGNETIC FLOWMETER,B - [WATER],FLOW METER,KROHNE,https://water.sabah.gov.my/sites/default/files/uploads/products/23390/jans202512-khrone.pdf,https://water.sabah.gov.my/products?page=2
66,2,"KINDRACO HARDWARE SDN BHD Lot 1557, Kampung Jaya Industrial Area, Jalan Kusta, 47000 Sungai Buloh, Selangor Darul Ehsan, Malaysia",20-02-2027,FITTINGS,A [Conveyance of Water],FITTINGS,"K, KINDRACO, K, KINDRACO, MTN",https://water.sabah.gov.my/sites/default/files/uploads/products/23389/jans202511a-kindraco-hardware-sdn-bhd.pdf | https://water.sabah.gov.my/sites/default/files/uploads/products/23389/jans202511b-kindraco-hardware-sdn-bhd.pdf | https://water.sabah.gov.my/sites/default/files/uploads/products/23389/jans202511a-kindraco-hardware-sdn-bhd.pdf | https://water.sabah.gov.my/sites/default/files/uploads/products/23389/jans202511b-kindraco-hardware-sdn-bhd.pdf,https://water.sabah.gov.my/products?page=2
67,2,"SULZER PUMPS WASTEWATER MALAYSIA SDN BHD Block F, Lot 557, Jalan Subang 3, Subang Jaya Industrial  Estate, 47610, Subang Jaya, Selangor",20-02-2027,PUMP,B [Flow Control],Pump,SULZER,https://water.sabah.gov.my/sites/default/files/uploads/products/23388/jans202510-sulzer-pumps-wastewater-malaysia-sdn-bhd.pdf,https://water.sabah.gov.my/products?page=2
68,2,"AWT FUSION SDN BHD Lot N0 12, Jalan Sungai Chadong 8, Batu 5 1/2 Mile, Jalan Kapar, 42100 Klang, Selangor Darul Ehsan.",20-02-2027,FITTINGS,A [Conveyance of Water],FITTINGS,FUSAMATIC,https://water.sabah.gov.my/sites/default/files/uploads/products/23387/jans202509-awt-fusion-sdn-bhd.pdf,https://water.sabah.gov.my/products?page=2
69,2,"SOLIDIUM (SABAH) SDN BHD No 31, Lorong 1C, KKIP Selatan, IZ2 (RFB), 88460 Kota Kinabalu, Sabah",20-02-2027,ELECTROCHLORINATION,B [Water Treatment Equipment],ELECTROCHLORINATION [EC],VODES,https://water.sabah.gov.my/sites/default/files/uploads/products/23386/jans202508-solidium-sabah-sdn-bhd.pdf,https://water.sabah.gov.my/products?page=2
70,2,"SYNCHONG HOE ENGINEERING SDN BHD Lot 750, MK 19, Jalan Lunas, Mengkuang Titi, Kubang Semang, 14000 Bukit Mertajam, Pulau",20-02-2027,FITTINGS,A [Conveyance of Water],FITTINGS,CHE,https://water.sabah.gov.my/sites/default/files/uploads/products/23385/jans202507-synchong-hoe-engineering-sdn-bhd.pdf,https://water.sabah.gov.my/products?page=2
71,2,"CMPC SDN BHD 44, Level 6, Jalan Utusan (Jalan 5) Off Jalan Chan Sow Lin, 55200 Kuala Lumpur",20-02-2027,LINING / COATING,B - [Lining/ Coating/ Sealent/ Waterproofing/ Adhersive/ Solvent Cement],LINING/COATING,CM GARD,https://water.sabah.gov.my/sites/default/files/uploads/products/23384/jans202506-cmpc-sdn-bhd-gm-card.pdf,https://water.sabah.gov.my/products?page=2
72,2,"CMPC SDN BHD 44, Level 6, Jalan Utusan (Jalan 5) Off Jalan Chan Sow Lin, 55200 Kuala Lumpur",20-02-2027,Adhersive - Tape,B - [Lining/ Coating/ Sealent/ Waterproofing/ Adhersive/ Solvent Cement],ADHERSIVE,AIWC,https://water.sabah.gov.my/sites/default/files/uploads/products/23383/jans202505-cmpc-sdn-bhd-aiwc.pdf,https://water.sabah.gov.my/products?page=2
73,2,"BINA PLASTIC INDUSTRIES SDN BHD Lot 4844, Balakong New Village Industrial Estate, 43300 Seri Kembangan, Selangor",20-02-2027,FITTINGS,A [Conveyance of Water],FITTINGS,BBB,https://water.sabah.gov.my/sites/default/files/uploads/products/23382/jans202504-bina-plastic-industries-sdn-bhd.pdf,https://water.sabah.gov.my/products?page=2
74,2,"NETZSCH (MALAYSIA) SDN BHD NO 6, Jalan Astaka U8/88B, Bukit Jelutong, 40150 , Shah Alam, Selangor , Malaysia",20-02-2027,Netzsch Pump & System,B [Sludge Treatment],Pump,TORNADO,https://water.sabah.gov.my/sites/default/files/uploads/products/23381/jans202503-netzsch-malaysia-sdn-bhd.pdf,https://water.sabah.gov.my/products?page=2
75,2,"OKM VALVE (M) SDN BHD NO 7, Jalan Sungai Kayu ARA 32/3, Berjaya Industrial Park 40460, Shah Alam, Selangor Darul Ehsan, Malaysia",20-02-2027,VALVES,A [Flow Control],VALVES,OKM,https://water.sabah.gov.my/sites/default/files/uploads/products/23380/jans202502-okm-valve-m-sdn-bhd.pdf,https://water.sabah.gov.my/products?page=2
76,2,"AHF INDUSTRIES SDN BHD No.5, Jalan USJ 1/31, Taman Subang Permai, 47500 Subang Jaya, Selangor",20-02-2027,ACTUATOR,B [Instrumentation and Control],Actuator,i-TORK,https://water.sabah.gov.my/sites/default/files/uploads/products/23379/jans202501-ahf-industries-sdn-bhd.pdf,https://water.sabah.gov.my/products?page=2
77,2,"AWT FUSION SDN BHD No. 43, Lorong Sungai Puloh 1A/KU6, Taman Teknologi Gemilang, Kawasan Perindustrian Sungai Puloh, 42100 Klang, Selangor Darul Ehsan",17-06-2027,POLYETHYLENE (PE / HDPE) FITTINGS,A [Conveyance of Water],FITTINGS,FUSAMATIC,https://water.sabah.gov.my/sites/default/files/uploads/products/23378/jans2025101-awt-fusion-sdn-bhd-fusamatic.pdf,https://water.sabah.gov.my/products?page=2
78,2,"JEFFCON ENGINEERING SDN BHD No. 4, Jalan Anggerik Mokara 31/53, Seksyen 31, Kota Kemuning, 40460 Shah Alam, Selangor",17-06-2027,SUBMERSIBLE MIXER,B - [WATER],Mixer,HEXA,https://water.sabah.gov.my/sites/default/files/uploads/products/23376/jans202599ab-jeffcon-engineering-sdn-bhd-submersible-mixer.pdf,https://water.sabah.gov.my/products?page=2
79,2,"JEFFCON ENGINEERING SDN BHD No. 4, Jalan Anggerik Mokara 31/53, Seksyen 31, Kota Kemuning, 40460 Shah Alam, Selangor",17-06-2027,ROOTS BLOWER,B - [WATER],ROOTS BLOWER,HEXA,https://water.sabah.gov.my/sites/default/files/uploads/products/23375/jans202598-jeffcon-engineering-sdn-bhd-roots-blower.pdf,https://water.sabah.gov.my/products?page=2
80,2,"JEFFCON ENGINEERING SDN BHD No. 4, Jalan Anggerik Mokara 31/53, Seksyen 31, Kota Kemuning, 40460 Shah Alam, Selangor",17-06-2027,ELECTROMAGNETIC FLOWMETER,B - [WATER],FLOW METER,HEXA,https://water.sabah.gov.my/sites/default/files/uploads/products/23374/jans202597-jeffcon-engineering-sdn-bhd-flowmeter.pdf,https://water.sabah.gov.my/products?page=2
81,2,"KSB MALAYSIA PUMPS & VALVES SDN BHD Lot 9B, Jalan Sungai Kayu Ara 32/37 Taman Perusahaan Berjaya Seksyen 32 40460 Shah Alam Selangor Darul Ehsan",17-06-2027,PUMP,B - [WATER],Pump,KSB,https://water.sabah.gov.my/sites/default/files/uploads/products/23373/jans202596-ksb-malaysia-pumps-valves-sdn-bhd.pdf,https://water.sabah.gov.my/products?page=2
82,2,"SOLIDUM (SABAH) SDN BHD No.31, Lorong 1C, KKIP Selatan, IZ2 (RFB), Kota Kinabalu Industrial Park, 88460 Kota Kinabalu, Sabah",17-06-2027,LIQUID POLYALUMINIUM CHLORIDE (PAC),A [Conveyance of Water],Liquid Polyaluminium Chloride,AQUAGEL,https://water.sabah.gov.my/sites/default/files/uploads/products/23372/jans202595-solidium-sabah-sdn-bhd.pdf,https://water.sabah.gov.my/products?page=2
83,2,"MOLECOR (SEA) SDN BHD 2-05, Menara Uac, No 12, Jalan Pju 7/5, Mutiara Damansara, 47800 Petaling Jaya, Selangor",17-05-2027,ORIENTED UNPLASTICIZED POLYVINYL CHLORIDE (PVC-O) FITTINGS,A [Conveyance of Water],FITTINGS,ecoFITTOM®,https://water.sabah.gov.my/sites/default/files/uploads/products/23371/jans202594-molecor-tecnologia-sl.pdf,https://water.sabah.gov.my/products?page=2
84,2,"YEW LEAN FOUNDRY & CO SDN BHD 2432, Tingkat Perusahaan Enam, Prai Industrial Estate, 13600 Prai, Pulau  Pinang",17-06-2027,DUCTILE IRON (DI) PIPES & FITTINGS,A [Conveyance of Water],PIPE & FITTINGS,YL,https://water.sabah.gov.my/sites/default/files/uploads/products/23370/jans202593ab-yew-lean-foundry-co-sdn-bhd-c.pdf,https://water.sabah.gov.my/products?page=2
85,2,"YEW LEAN FOUNDRY & CO SDN BHD 2432, Tingkat Perusahaan Enam, Prai Industrial Estate, 13600 Prai, Pulau  Pinang",17-06-2027,DUCTILE IRON (DI) PIPES & FITTINGS,A [Conveyance of Water],PIPE & FITTINGS,YL,https://water.sabah.gov.my/sites/default/files/uploads/products/23369/jans202592ab-yew-lean-foundry-co-sdn-bhd.pdf,https://water.sabah.gov.my/products?page=2
86,2,"M.FLOTECH CONTROLS SDN BHD No. 20, Jalan TP 7/6, Taman Perindustrian UEP Subang Jaya, 40400 Shah Alam, Selangor",17-06-2027,ELECTROMAGNETIC FLOWMETER,A [Measuring Device],FLOW METER,ISOLV,https://water.sabah.gov.my/sites/default/files/uploads/products/23368/jans202591-mflotech-control-sdn-bhd.pdf,https://water.sabah.gov.my/products?page=2
87,2,"UNI-EMER COATINGS SYSTEM SDN BHD Lot 36, Ground Floor, Wk Commercial Centre, Jalan Bundusan, 88300 Penampang, Sabah",17-06-2027,WATERPROOFING,B - [Lining/Coating/Waterfing/Sealant/Adhersive/Solvent Cement],WATERPROOFING,CEMENTAID,https://water.sabah.gov.my/sites/default/files/uploads/products/23367/jans202590-uni-emer-coating-system-sdn-bhd.pdf,https://water.sabah.gov.my/products?page=2
88,2,"TEK VALVE (M) SDN BHD PT 22432, Lot Asal 6535, Jalan Sungai Puloh, Batu 5 1/2, Jalan Kapar, 42450 Klang,Selangor",17-06-2027,FITTINGS,A [Conveyance of Water],FITTINGS,TEK,https://water.sabah.gov.my/sites/default/files/uploads/products/23366/jans202589-tek-valve-m-sdn-bhd.pdf,https://water.sabah.gov.my/products?page=2
89,2,"TEK VALVE (M) SDN BHD PT 22432, Lot Asal 6535, Jalan Sungai Puloh, Batu 5 1/2, Jalan Kapar, 42450 Klang,Selangor",17-06-2027,FITTINGS,A [Conveyance of Water],FITTINGS,TEK,https://water.sabah.gov.my/sites/default/files/uploads/products/23365/jans202588-tek-valve-m-sdn-bhd.pdf,https://water.sabah.gov.my/products?page=2
90,2,"TEK VALVE (M) SDN BHD PT 22432, Lot Asal 6535, Jalan Sungai Puloh, Batu 5 1/2, Jalan Kapar, 42450 Klang,Selangor",17-06-2027,FITTINGS,A [Conveyance of Water],FITTINGS,TEK,https://water.sabah.gov.my/sites/default/files/uploads/products/23364/jans202587-tek-valve-m-sdn-bhd.pdf,https://water.sabah.gov.my/products?page=2
91,3,"TEK VALVE (M) SDN BHD PT 22432, Lot Asal 6535, Jalan Sungai Puloh, Batu 5 1/2, Jalan Kapar, 42450 Klang,Selangor",17-06-2027,VALVE,A [Conveyance of Water],VALVE,TEK,https://water.sabah.gov.my/sites/default/files/uploads/products/23363/jans202586-tek-valve-m-sdn-bhd.pdf,https://water.sabah.gov.my/products?page=3
92,3,"KE KELIT (M) SDN BHD No. 1 Jalan Perepat 27/95,Taman Alam Megah, Seksyen 27, 40400 Shah Alam,Selangor",17-06-2027,PIPES & FITTINGS,A [Conveyance of Water],PIPES & FITTINGS,KELEN,https://water.sabah.gov.my/sites/default/files/uploads/products/23355/jans202585ab-ke-kelit-sdn-bhd.pdf,https://water.sabah.gov.my/products?page=3
93,3,"NORWARDS INDUSTRIES SDN BHD Lot 5191, Jalan Balakong, Batu 13, Taman Balakong Jaya 43300 Balakong, Selangor",17-06-2027,DUCTILE IRON (DI) FITTINGS,A [Conveyance of Water],FITTINGS,NORWARDS,https://water.sabah.gov.my/sites/default/files/uploads/products/23352/jans202584abc-norwards-industries-sdn-bhd-ms1919-ductile-iron-fitting.pdf,https://water.sabah.gov.my/products?page=3
94,3,"NORWARDS INDUSTRIES SDN BHD Lot 5191, Jalan Balakong, Batu 13, Taman Balakong Jaya 43300 Balakong, Selangor",17-06-2027,DUCTILE IRON (DI) FITTINGS,A [Conveyance of Water],FITTINGS,NORWARDS,https://water.sabah.gov.my/sites/default/files/uploads/products/23350/jans202583-norwards-industries-sdn-bhd-bsen-598-ductile-iron-fitting.pdf,https://water.sabah.gov.my/products?page=3
95,3,"PROMINENT FLUID CONTROLS (M) SDN BHD NO. 7, Jalan  BP 4/9, Bandar Bukit Puchong, 47120, Selangor",17-06-2027,ELECTRO-CHLORINATION SYSTEM,B [Water],ELECTROCHLORINATION,ProMinent,https://water.sabah.gov.my/sites/default/files/uploads/products/23349/jans202582-prominent-fluid-controls-m-sdn-bhd.pdf,https://water.sabah.gov.my/products?page=3
96,3,"TENALOT SDN BHD 100-1-003 Block J, The School @ Jaya One, 72A Jalan Profesor Diraja Ungku Aziz, 46200 Petaling Jaya, Selangor",17-06-2027,ULTRASONIC FLOWMETER,B [Instrumentation and Control],FLOW METER,BAKER HUGHES [BH] PANAMETRICS,https://water.sabah.gov.my/sites/default/files/uploads/products/23348/jans202581-tenalot-sdn-bhd.pdf,https://water.sabah.gov.my/products?page=3
97,3,"LESSO MALAYSIA INDUSTRIES SDN BHD Lot 10072, Persiaran Mahogani Utama 2, Seksyen 4, Bandar Utama Batang Kali, 44300 Selangor",17-06-2027,UNPLASTICIZED POLYVINYL CHLORIDE [PVC-U] FITTINGS,A [Conveyance of Water],FITTINGS,PALING,https://water.sabah.gov.my/sites/default/files/uploads/products/23347/jans202580-lesso-malaysia-industries-sdn-bhd.pdf,https://water.sabah.gov.my/products?page=3
98,3,"LESSO MALAYSIA INDUSTRIES SDN BHD Lot 10072, Persiaran Mahogani Utama 2, Seksyen 4, Bandar Utama Batang Kali, 44300 Selangor",17-06-2027,UNPLASTICIZED POLYVINYL CHLORIDE (PVC-U) PIPES & FITTINGS,A [Conveyance of Water],PIPES & FITTINGS,PALING,https://water.sabah.gov.my/sites/default/files/uploads/products/23346/jans202579-lesso-malaysia-industries-sdn-bhd.pdf,https://water.sabah.gov.my/products?page=3
99,3,"HYDROCARE ENGINEERING SDN BHD 8 Jalan TP 3/1, Taman Perindustrian Sime UEP, 47600 Subang Jaya, Selangor",17-06-2027,METERING PUMP,B [Water],METERING PUMP,PULSAFEEDER,https://water.sabah.gov.my/sites/default/files/uploads/products/23345/jans202578-hydroccare-engineerinf-sdn-bhd-pulsafeeder.pdf,https://water.sabah.gov.my/products?page=3
100,3,"HYDROCARE ENGINEERING SDN BHD 8 Jalan TP 3/1, Taman Perindustrian Sime UEP, 47600 Subang Jaya, Selangor",17-06-2027,AIR BLOWER,B [Water],AIR BLOWER,LONGTECH,https://water.sabah.gov.my/sites/default/files/uploads/products/23344/jans202577-hydroccare-engineerinf-sdn-bhd-longtech.pdf,https://water.sabah.gov.my/products?page=3
101,3,"HYDROCARE ENGINEERING SDN BHD 8 Jalan TP 3/1, Taman Perindustrian Sime UEP, 47600 Subang Jaya, Selangor",17-06-2027,METERING PUMP,B [Water],METERING PUMP,DEPAMU,https://water.sabah.gov.my/sites/default/files/uploads/products/23343/jans202576-hydroccare-engineerinf-sdn-bhd-depamu.pdf,https://water.sabah.gov.my/products?page=3
102,3,"COSMOS INSTRUMENTS SDN BHD PT 59919, Jalan KPB 6, Kawasan Perindustrian Kg.Baru Balakong, 43300 Seri Kembangan,Selangor",17-06-2027,ELECTROMAGNETIC FLOWMETER,B [Water],FLOW METER,SIEMENS,https://water.sabah.gov.my/sites/default/files/uploads/products/23342/jans202575-cosmos-intruments-sdn-bhd.pdf,https://water.sabah.gov.my/products?page=3
103,3,"CEW SIN PLASTIC PIPE SDN BHD Lot 305010, Jalan Chepor 11/10, Pusat Industri Seramik Fasa 2, Chepor, 31200 Chemor, Perak Darul Ridzuan",17-06-2027,POLYPROPYLENE (PP) PIPES & FITTINGS,A [Conveyance of Water],PIPES & FITTINGS,CS,https://water.sabah.gov.my/sites/default/files/uploads/products/23341/jans202574-cew-sin-plastic-pipe-sdn-bhd.pdf,https://water.sabah.gov.my/products?page=3
104,3,"CEW SIN PLASTIC PIPE SDN BHD Lot 305010, Jalan Chepor 11/10, Pusat Industri Seramik Fasa 2, Chepor, 31200 Chemor, Perak Darul Ridzuan",17-06-2027,POLYETHYLENE (PE) PIPES,A [Conveyance of Water],PIPES,CS,https://water.sabah.gov.my/sites/default/files/uploads/products/23340/jans202573-cew-sin-plastic-pipe-sdn-bhd.pdf,https://water.sabah.gov.my/products?page=3
105,3,"CEW SIN PLASTIC PIPE SDN BHD Lot 305010, Jalan Chepor 11/10, Pusat Industri Seramik Fasa 2, Chepor, 31200 Chemor, Perak Darul Ridzuan",17-06-2027,UPVC PIPES,A [Conveyance of Water],PIPES,CS,https://water.sabah.gov.my/sites/default/files/uploads/products/23339/jans202572-cew-sin-plastic-pipe-sdn-bhd.pdf,https://water.sabah.gov.my/products?page=3
106,3,"BINA PLASTIC INDUSTRIES SDN BHD Lot 4844, Balakong New Village Industrial Estate, 43300 Seri Kembangan, Selangor",17-06-2027,POLYETHYLENE (PE) PIPES,A [Conveyance of Water],PIPES,BBB,https://water.sabah.gov.my/sites/default/files/uploads/products/23338/jans202571-bina-plastic-bbb.pdf,https://water.sabah.gov.my/products?page=3
107,3,"BINA PLASTIC INDUSTRIES SDN BHD Lot 4844, Balakong New Village Industrial Estate, 43300 Seri Kembangan, Selangor",17-06-2027,ACRYLONITRILE BUTADIENE STYRENE (ABS) PIPES & FITTINGS,A [Conveyance of Water],PIPES & FITTINGS,BBB,https://water.sabah.gov.my/sites/default/files/uploads/products/23337/jans202570-bina-plastic-bbb.pdf,https://water.sabah.gov.my/products?page=3
108,3,"SANSICO INDUSTRIES SDN BHD No. 20, Jalan Uranus AK U5/Ak,Taman Subang Impian, Seksyen U5,40150 Shah Alam, Selangor",17-06-2027,FITTINGS,A [Conveyance of Water],FITTINGS,CS SANSICO HANSEN,https://water.sabah.gov.my/sites/default/files/uploads/products/23336/jans202569ab-sansico-socket-fusion.pdf,https://water.sabah.gov.my/products?page=3
109,3,"SANSICO INDUSTRIES SDN BHD No. 20, Jalan Uranus AK U5/Ak,Taman Subang Impian, Seksyen U5,40150 Shah Alam, Selangor",17-06-2027,POLYETHYLENE (PE/HDPE) PIPE,A [Conveyance of Water],PIPE,CS SANSICO HANSEN,https://water.sabah.gov.my/sites/default/files/uploads/products/23335/jans202568-sansico-hdpe-cs.pdf,https://water.sabah.gov.my/products?page=3
110,3,"SANSICO INDUSTRIES SDN BHD No. 20, Jalan Uranus AK U5/Ak,Taman Subang Impian, Seksyen U5,40150 Shah Alam, Selangor",17-06-2027,POLYETHYLENE (PE/HDPE) PIPE,A [Conveyance of Water],PIPE,BBB SANSICO HANSEN,https://water.sabah.gov.my/sites/default/files/uploads/products/23334/jans202567-sansico-hdpe-bbb.pdf,https://water.sabah.gov.my/products?page=3
111,3,"SANSICO INDUSTRIES SDN BHD No. 20, Jalan Uranus AK U5/Ak,Taman Subang Impian, Seksyen U5,40150 Shah Alam, Selangor",17-06-2027,FITTINGS,A [Conveyance of Water],FITTINGS,HANSEN,https://water.sabah.gov.my/sites/default/files/uploads/products/23332/jans202566-sansico-hansen-fitting.pdf,https://water.sabah.gov.my/products?page=3
112,3,"SANSICO INDUSTRIES SDN BHD No. 20, Jalan Uranus AK U5/Ak,Taman Subang Impian, Seksyen U5,40150 Shah Alam, Selangor",17-06-2027,Gullies for Building,A [Conveyance of Water],Gullies for Building,SANSICO,https://water.sabah.gov.my/sites/default/files/uploads/products/23330/jans202565-sansicofloortrap.pdf,https://water.sabah.gov.my/products?page=3
113,3,"SANSICO INDUSTRIES SDN BHD No. 20, Jalan Uranus AK U5/Ak,Taman Subang Impian, Seksyen U5,40150 Shah Alam, Selangor",17-06-2027,FITTINGS,A [Conveyance of Water],FITTINGS,SANSICO,https://water.sabah.gov.my/sites/default/files/uploads/products/23329/jans202564-sansicoelectrofusion.pdf,https://water.sabah.gov.my/products?page=3
114,3,"SANSICO INDUSTRIES SDN BHD No. 20, Jalan Uranus AK U5/Ak,Taman Subang Impian, Seksyen U5,40150 Shah Alam, Selangor",17-06-2027,FITTINGS,A [Conveyance of Water],FITTINGS,SANSICO,https://water.sabah.gov.my/sites/default/files/uploads/products/23328/jans202563-sansicoelectrofusion.pdf,https://water.sabah.gov.my/products?page=3
115,3,"SANSICO INDUSTRIES SDN BHD No. 20, Jalan Uranus AK U5/Ak,Taman Subang Impian, Seksyen U5,40150 Shah Alam, Selangor",17-06-2027,Thermoplastic Stopvalves For Potable Water,A [Conveyance of Water],STOPVALVE,SANSICO,https://water.sabah.gov.my/sites/default/files/uploads/products/23327/jans202562-sansico-stopvalve.pdf,https://water.sabah.gov.my/products?page=3
116,3,"MOLECOR (SEA) SDN BHD 2-05, Menara Uac, No 12, Jalan Pju 7/5, Mutiara Damansara, 47800 Petaling Jaya, Selangor",17-06-2027,ORIENTED UNPLASTICIZED POLYVINYL CHLORIDE (PVC-O) PIPES,A [Conveyance of Water],PIPES,TOM®,https://water.sabah.gov.my/sites/default/files/uploads/products/23326/jans202561-molecor-tecnologia-sl.pdf,https://water.sabah.gov.my/products?page=3
117,3,"KROHNE (M) SDN BHD Axis Business Campus, Unit G01, Block B, Jalan 225 Seksyen 51A, 46100 Petaling Jaya, Selangor",17-06-2027,PORTABLE/CLAMP ON ULTRASONIC FLOWMETER,B [Instrumentation and Control],FLOW METER,KROHNE,https://water.sabah.gov.my/sites/default/files/uploads/products/23325/jans202560-krohne-m-sdn-bhd.pdf,https://water.sabah.gov.my/products?page=3
118,3,"NORWARDS INDUSTRIES SDN BHD Lot 5191, Jalan Balakong, Batu 13, Taman Balakong Jaya 43300 Balakong, Selangor",17-06-2027,DUCTILE IRON (DI) PIPES,A [Conveyance of Water],PIPES,NORWARDS,https://water.sabah.gov.my/sites/default/files/uploads/products/23324/jans202559-norwards-industries-sdn-bhd.pdf,https://water.sabah.gov.my/products?page=3
119,3,"GALLANT WORLDWIDE SDN BHD No. 14 & 16, Jalan Nilam 1/7 Taman Perindustrian Teknologi Tinggi Subang, 40000 Shah Alam, Selangor",17-06-2027,LINING / COATING,B - [Lining/ Coating/Watereproofing/ Sealant/ Adhersive/ S],LINING/COATING,GALLANT PAINT,https://water.sabah.gov.my/sites/default/files/uploads/products/23321/jans202558-gallant-worldwide.pdf,https://water.sabah.gov.my/products?page=3
120,3,"ABLE STEEL PIPES SDN BHD Lot 771, Kawasan Perusahaan Telok Mengkuang, 42500 Telok Panglima Garang, Selangor",17-06-2027,STEEL PIPE [SAW][ERW],A [Conveyance of Water],STEEL PIPE,ABLE,https://water.sabah.gov.my/sites/default/files/uploads/products/23320/jans202557-able-steel.pdf,https://water.sabah.gov.my/products?page=3
121,4,"PANTECH STAINLESS & ALLOY INDUSTRIES SDN BHD PTD 204334, Jalan Platinum Utama, Kawasan Perindustrian Pasir Gudang, Zon 12B, 81700 Pasir Gudang, Johor, Malaysia",22-05-2027,Wrought Austenitic Stainless Steel Fittings,A [Conveyance of Water],PIPES & FITTINGS,PANTECH STAINLESS & ALLOY (PSA),https://water.sabah.gov.my/sites/default/files/uploads/products/22923/sijil-website-jans202556-pantech-stainless-alloy-industries-sdn-bhd-amended.pdf,https://water.sabah.gov.my/products?page=4
122,4,"EXL PIPE (BORNEO) SDN BHD Lot 626, Block 4, 1st Floor, MTLD, Jalan Bako, Petra Jaya, 93050 Kuching, Sarawak",22-05-2027,MODIFIED POLYVINYL CHLORIDE (PVC-M) PIPE,A [Conveyance of Water],PIPE,ePB,https://water.sabah.gov.my/sites/default/files/uploads/products/22922/jans202555-exl-pipe-borneo-sdn-bhd.pdf,https://water.sabah.gov.my/products?page=4
123,4,"WEIDA STEEL INDUSTRIES SDN BHD Lot 1043, Block 7 MTLD, Jalan Demak Laut 3, Demak Laut Industrial Park, 93050 Kuching, Sarawak",22-05-2027,PIPES & FITTINGS,A [Conveyance of Water],PIPES & FITTINGS,WSP,https://water.sabah.gov.my/sites/default/files/uploads/products/22921/jans202554-weida-steel-industries-sdn-bhd.pdf,https://water.sabah.gov.my/products?page=4
124,4,"HACH MALAYSIA SDN BHD Surian Tower, Unit 23A, 23A Floor, No. 1, Jalan PJU 7/3, Mutiara Damansara, 47810 Petaling Jaya, Selangor.",16-05-2027,WATER QUALITY MONITORING EQUIPMENT,B [Water Quality Equipment],WATER QUALITY MONITORING EQUIPMENT,HACH EZ SERIES (APPLITEK),https://water.sabah.gov.my/sites/default/files/uploads/products/22920/jans202553-hach-malaysia-sdn-bhd-hach-ez-series.pdf,https://water.sabah.gov.my/products?page=4
125,4,"HACH MALAYSIA SDN BHD Surian Tower, Unit 23A, 23A Floor, No. 1, Jalan PJU 7/3, Mutiara Damansara, 47810 Petaling Jaya, Selangor.",16-05-2027,WATER QUALITY MONITORING EQUIPMENT,B [Water Quality Equipment],WATER QUALITY MONITORING EQUIPMENT,HACH,https://water.sabah.gov.my/sites/default/files/uploads/products/22919/jans202552abc-hach-malaysia-sdn-bhd-hach.pdf,https://water.sabah.gov.my/products?page=4
126,4,"HACH MALAYSIA SDN BHD Surian Tower, Unit 23A, 23A Floor, No. 1, Jalan PJU 7/3, Mutiara Damansara, 47810 Petaling Jaya, Selangor.",16-05-2027,WATER QUALITY MONITORING EQUIPMENT,B [Water Quality Equipment],WATER QUALITY MONITORING EQUIPMENT,IDEXX,https://water.sabah.gov.my/sites/default/files/uploads/products/22918/jans202551-hach-malaysia-sdn-bhd-idexx.pdf,https://water.sabah.gov.my/products?page=4
127,4,"HACH MALAYSIA SDN BHD Surian Tower, Unit 23A, 23A Floor, No. 1, Jalan PJU 7/3, Mutiara Damansara, 47810 Petaling Jaya, Selangor.",16-05-2027,WATER QUALITY MONITORING EQUIPMENT,B [Water Quality Equipment],WATER QUALITY MONITORING EQUIPMENT,LASER DIAGNOSTIC INSTRUMENTS,https://water.sabah.gov.my/sites/default/files/uploads/products/22917/jans202550-hach-malaysia-sdn-bhd-laser-diagnostic-instruments-ldi.pdf,https://water.sabah.gov.my/products?page=4
128,4,"EZ AUTOMATION SDN BHD Lot C 10/46, Lorong Perusahaan 6C, Kawasan Miel Kulim Phase II, 09000, Kulim, Kedah",18-03-2027,VALVES,A [Flow Control],VALVES,EZ,https://water.sabah.gov.my/sites/default/files/uploads/products/22916/jans202548ab-ez-automation-sdn-bhd.pdf,https://water.sabah.gov.my/products?page=4
129,4,"DOSTEK ENGINEERING SDN BHD No.7, Jalan Industri USJ 1/7, Taman Perindustrian USJ, 47600 Subang Jaya, Selangor.",18-03-2027,ELECTRIC INTELLIGENT ACTUATOR,B [Water],Actuator,GREATORK,https://water.sabah.gov.my/sites/default/files/uploads/products/22915/jans202547-dostek-engineering-sdn-bhd.pdf,https://water.sabah.gov.my/products?page=4
130,4,"PAM AKTIF SDN BHD Lot 21, Block E, Suria Inanam, Jalan Tuaran Bypass, 88450, Kota Kinabalu, Sabah",18-03-2027,CENTRIFUGAL PUMP,B [Flow Control],Pump,GPA,https://water.sabah.gov.my/sites/default/files/uploads/products/22914/jans202546abcde-pam-aktif-sdn-bhd.pdf,https://water.sabah.gov.my/products?page=4
131,4,"SANSICO INDUSTRIES SDN BHD No. 20, Jalan Uranus Ak U5/Ak, Taman Subang Impian, Seksyen U5,40150 Shah Alam, Selangor",25-03-2027,Polyethylene [(PE)] Fittings For Water Supply,A [Conveyance of Water],FITTINGS,SANSICO,https://water.sabah.gov.my/sites/default/files/uploads/products/22913/jans202545ab-sansico-industries-sdn-bhd.pdf,https://water.sabah.gov.my/products?page=4
132,4,"SVM WATER CONTROLS SDN BHD NO. 2, JALAN TP 5A, TAMAN PERINDUSTRIAN UEP, 47600 SUBANG JAYA, SELANGOR",25-03-2027,VALVES,A [Flow Control],VALVES,VAL-MATIC [USA],https://water.sabah.gov.my/sites/default/files/uploads/products/22912/jans202544-svm-water-controls-sdn-bhd.pdf,https://water.sabah.gov.my/products?page=4
133,4,"HEAP WAH BARAKAH SDN BHD No. 38, 40 & 46, Jalan 18/2, 46000 Petaling Jaya, Selangor",25-03-2027,VALVES,A  [Flow Control],VALVES,DUVALCO,https://water.sabah.gov.my/sites/default/files/uploads/products/22911/jans202543-heap-wah-barakah-sdn-bhd.pdf,https://water.sabah.gov.my/products?page=4
134,4,"LY STEEL PIPE INDUSTRIES SDN BHD Lot 9134, Jalan Titanium Kawasan Perindustrian Batu 22, Jalan Kuala Selangor, 45620 Ijok, Selangor",25-03-2027,Steel Pipe [(ERW)] [(SAW)] – Pipe & Specials,A [Conveyance of Water],PIPE & SPECIALS,LY,https://water.sabah.gov.my/sites/default/files/uploads/products/22910/jans202542-ly-steel-pipe-industries-sdn-bhd.pdf,https://water.sabah.gov.my/products?page=4
135,4,"SIME DARBY ELECTROPACK SDN BHD Lot 7, Ground Floor, Block L, Kota Kinabalu Inanam Taipan Phase 3, Inanam New Township, 88450 Kota Kinabalu, Sabah",25-03-2027,GENERATOR SET,A,GENERATOR SET,PERKINS,https://water.sabah.gov.my/sites/default/files/uploads/products/22909/jans202541-sime-darby-electropack-sdn-bhd.pdf,https://water.sabah.gov.my/products?page=4
136,4,"FIC SUPPLIES SDN BHD 4th Floor, Balai Felda, Jalan Henry Gurney 1, 54000 Kuala Lumpur",25-03-2027,WATER TREATMENT SYSTEM,B [Water],Water Treatment System,FIC AQUAPAC,https://water.sabah.gov.my/sites/default/files/uploads/products/22908/jans202540-fic-supplies-sdn-bhd.pdf,https://water.sabah.gov.my/products?page=4
137,4,"PIPEFAB INDUSTRIES SDN BHD Lot 822 & 842 Jalan Subang 7, Sg Penaga Industrial Park, 47500 Subang Jaya, Selangor",25-03-2027,PIPE & FITTINGS,A [Conveyance of Water],PIPE & FITTINGS,PIPEFAB,https://water.sabah.gov.my/sites/default/files/uploads/products/22907/jans202539-pipefab-industries-sdn-bhd.pdf,https://water.sabah.gov.my/products?page=4
138,4,"PANTECH STAINLESS & ALLOY INDUSTRIES Perindustrian 204334, Jalan Platinum Utama, Kawasan Perindustrian Pasir Gudang, Zon 12B, 81700 Pasir Gudang, Johor, Malaysia",25-03-2027,WELDED AUSTENITIC STAINLESS STEEL PIPES,A [Conveyance of Water],Stainless Steel Pipes,PANTECH STAINLESS & ALLOY (PSA),https://water.sabah.gov.my/sites/default/files/uploads/products/22906/jans202538-pantech-stainless-alloy-industries.pdf,https://water.sabah.gov.my/products?page=4
139,4,"MOLECOR (SEA) SDN BHD 2 - 05, Menara UAC, No 12, Jalan PJU 7/5, Mutiara Damansara, 47800 Petaling Jaya, Selangor",25-03-2027,ORIENTED UNPLASTICIZED POLYVINYL CHLORIDE (PVC-O) PIPES,A [Conveyance of Water],PIPES,TOM®,https://water.sabah.gov.my/sites/default/files/uploads/products/22905/jans202537-molecor-sea-sdn-bhd.pdf,https://water.sabah.gov.my/products?page=4
140,4,"ENGTEX DUCTILE IRON PIPE INDUSTRY SDN BHD Lot 36, Jalan BRP 9/2B, Putra Industrial Park, Bukit Rahman Putra, 47000 Sungai Buloh, Selangor Darul Ehsan",25-03-2027,DUCTILE IRON (DI) PIPES,B [Conveyance Of Water],B [Conveyance Of Water],"ENGTEX, EDIP, SUASA UNIK, LYE",https://water.sabah.gov.my/sites/default/files/uploads/products/22904/jans202536-engtex-ductile-iron-pipe-industry-sdn-bhd.pdf,https://water.sabah.gov.my/products?page=4
141,4,"SVS ENGINEERING SDN BHD 76, Jalan Sungai Burung AA32/AA, Bukit Rimau, 40460 Shah Alam, Selangor Darul Ehsan",20-02-2027,ELECTROMAGNETIC FLOWMETER,B [Measuring Device],FLOW METER,SIC,https://water.sabah.gov.my/sites/default/files/uploads/products/22898/jans202534-svs-engineering-sdn-bhd-sic.pdf,https://water.sabah.gov.my/products?page=4
142,4,"SVS ENGINEERING SDN BHD 76, Jalan Sungai Burung AA32/AA, Bukit Rimau, 40460 Shah Alam, Selangor Darul Ehsan",20-02-2027,PORTABLE/CLAMP ON ULTRASONIC FLOWMETER,B [Measuring Device],FLOWMETERS,JAIN,https://water.sabah.gov.my/sites/default/files/uploads/products/22897/jans202533-svs-engineering-sdn-bhd-jain.pdf,https://water.sabah.gov.my/products?page=4
143,4,"HEAP WAH BARAKAH SDN BHD No. 40, Jalan 18/2, 46000 Petaling Jaya, Selangor Darul Ehsan, Malaysia",20-02-2027,Fittings - Stainless Steel [(SS)] Fittings - Threaded Fittings,A [Conveyance of Water],FITTINGS,JK,https://water.sabah.gov.my/sites/default/files/uploads/products/22896/jans202532ab-heap-wah-threaded-fittings.pdf,https://water.sabah.gov.my/products?page=4
144,4,"HEAP WAH BARAKAH SDN BHD No. 40, Jalan 18/2, 46000 Petaling Jaya, Selangor Darul Ehsan, Malaysia",20-02-2027,FITTINGS,A [Conveyance of Water],FITTINGS,JK,https://water.sabah.gov.my/sites/default/files/uploads/products/22895/jans202531-heap-wah-fittings-ferruls.pdf,https://water.sabah.gov.my/products?page=4
145,4,"HEAP WAH BARAKAH SDN BHD No. 40, Jalan 18/2, 46000 Petaling Jaya, Selangor Darul Ehsan, Malaysia",20-02-2027,VALVES,A [Conveyance of Water],VALVES,JK,https://water.sabah.gov.my/sites/default/files/uploads/products/22894/jans202530-heap-wah-valve.pdf,https://water.sabah.gov.my/products?page=4
146,4,"SANSICO INDUSTRIES SDN BHD No 20, Jalan Uranus Ak U5/Ak, Taman Subang Impian, Seksyen U5, 40150 Shah Alam, Selangor, Malaysia",20-02-2027,FITTINGS,A [Conveyance of Water],FITTINGS,SANSICO,https://water.sabah.gov.my/sites/default/files/uploads/products/22893/jans202529ab-sansico-industries-sdn-bhd.pdf,https://water.sabah.gov.my/products?page=4
147,4,"HEAP WAH BARAKAH SDN BHD No. 38, 40 & 46, Jalan 18/2, 46000 Petaling Jaya, Selangor",20-02-2027,Polyethylene [(PE)] Fittings For Water Supply,A [Conveyance of Water],FITTINGS,FUIS,https://water.sabah.gov.my/sites/default/files/uploads/products/22887/jans202528ab-heap-wah-barakah-sdn-bhd.pdf,https://water.sabah.gov.my/products?page=4
148,4,"PROMINENT No. 7, Jalan BP 4/9, Bandar Bukit Puchong, 47120, Selangor",20-02-2027,METERING PUMP,B [Water Treatment Equipment],METERING PUMP,PROMINENT,https://water.sabah.gov.my/sites/default/files/uploads/products/22886/jans202527-prominent.pdf,https://water.sabah.gov.my/products?page=4
149,4,"CHS STEELWORKS SDN BHD No.18, Jalan Sg Jeluh 32/189, Bukit Naga Industrial Park, Seksyen 32, 40460 Shah Alam, Selangor Darul Ehsan",20-02-2027,PENSTOCK & FITTINGS,A [Conveyance of Water],PENSTOCK & FITTINGS,CHS,https://water.sabah.gov.my/sites/default/files/uploads/products/22885/jans202526b-chs-steelworks-sdn-bhd-b.pdf,https://water.sabah.gov.my/products?page=4
150,4,"CHS STEELWORKS SDN BHD No.18, Jalan Sg Jeluh 32/189, Bukit Naga Industrial Park, Seksyen 32, 40460 Shah Alam, Selangor Darul Ehsan",20-02-2027,VALVES,A [Flow Control],VALVES,CHS,https://water.sabah.gov.my/sites/default/files/uploads/products/22884/jans202526a-chs-steelworks-sdn-bhd.pdf,https://water.sabah.gov.my/products?page=4
151,5,"TANK TEAM SDN BHD B-8-9, Block B, 8th Floor, Unit 9, Megan Avenue II, 12, Jalan Yap Kwan Seng, 50450 Kuala Lumpur",20-02-2027,GLASS FUSED STEEL BOLTED TANK,B [Water],TANK,ZZTank,https://water.sabah.gov.my/sites/default/files/uploads/products/22883/jans202525-tank-team-sdn-bhd.pdf,https://water.sabah.gov.my/products?page=5
152,5,"POLYWARE SDN BHD 7, Jalan Zarib 1, Zarib Industrial Park 31500 Ipoh, Perak, Malaysia",20-02-2027,FITTINGS,A [Conveyance of Water],FITTINGS,PENGUIN,https://water.sabah.gov.my/sites/default/files/uploads/products/22882/jans202524-polyware-sdn-bhd-jenama-penguin.pdf,https://water.sabah.gov.my/products?page=5
153,5,"POLYWARE SDN BHD 7, Jalan Zarib 1, Zarib Industrial Park 31500 Ipoh, Perak, Malaysia",20-02-2027,FITTINGS,A [Conveyance of Water],FITTINGS,POLYFUSE,https://water.sabah.gov.my/sites/default/files/uploads/products/22881/jans202523abc-polyware-sdn-bhd-ajenama-polyfuse.pdf,https://water.sabah.gov.my/products?page=5
154,5,"LIPP ENGINEERING SDN BHD 7 Jalan Astaka U8/88A, Seksyen U8, Taman Perindustrian Bukit Jelutong 40150 Shah Alam, Selangor",20-02-2027,Cylindrical Steel Tank,B [Storage of Water],TANK,LIPP TANKS,https://water.sabah.gov.my/sites/default/files/uploads/products/22880/jans202522-lipp-engineering-sdn-bhd.pdf,https://water.sabah.gov.my/products?page=5
155,5,"AEG SDN BHD No 7 Jalan Pemberita U1/49, Temasya Indutrial Park, 40150 Glenmarie, Shah Alam, Selangor",20-02-0007,Sunten Dry Cast Transformer,B [Water Quality Equipment],transformer,SUNTEN,https://water.sabah.gov.my/sites/default/files/uploads/products/22879/jans202521-aeg-sdb-bhd-sunten-dry-cast-transformer.pdf,https://water.sabah.gov.my/products?page=5
156,5,"AEG SDN BHD No 7 Jalan Pemberita U1/49, Temasya Indutrial Park, 40150 Glenmarie, Shah Alam, Selangor",20-02-2027,HWX SE Switchgear,B [Water Quality Equipment],switchgear,SXHNEIDER ELECTRIC,https://water.sabah.gov.my/sites/default/files/uploads/products/22878/jans202520-aeg-sdb-bhd-schneider-electric-b.pdf,https://water.sabah.gov.my/products?page=5
157,5,"AEG SDN BHD No 7 Jalan Pemberita U1/49, Temasya Indutrial Park, 40150 Glenmarie, Shah Alam, Selangor",20-02-2027,Switchgear,B [Water Quality Equipment],switchgear,AEG SWITCHGEAR,https://water.sabah.gov.my/sites/default/files/uploads/products/22877/jans202519-aeg-sdb-bhd-aeg-switchgear-mfg-sdn-bhd.pdf,https://water.sabah.gov.my/products?page=5
158,5,"SHING  LAM HUAT SDN BHD Lot 60359, Jalan Kpb 2, Bukit Belimbing, Balakong, 43300 Seri Kembangan, Selangor Malaysia",20-02-2027,AIR VALVE,A [Flow Control],VALVE,TVT,https://water.sabah.gov.my/sites/default/files/uploads/products/22876/jans202518-shing-lam-huat-sdn-bhd.pdf,https://water.sabah.gov.my/products?page=5
159,5,"TENALOT SDN BHD 100-1-003, Block J, The School @ Jaya One, 72a Jln Universiti, 46200 Petaling Jaya, Selangor, Malaysia",20-02-2027,PANAMETRICS,B [Measuring Device],panametric,BAKER HUGHES [BH] PANAMETRICS,https://water.sabah.gov.my/sites/default/files/uploads/products/22875/jans202517-tenalot-sdn-bhd.pdf,https://water.sabah.gov.my/products?page=5
160,5,"CEMERLANG PADAS SDN BHD Lot 32, 2nd Floor, Block F, KK Times Square, Off Coastal Road, 88100 Kota Kinabalu, Sabah",20-02-2027,METER,A [Measuring Device],METER,GKM,https://water.sabah.gov.my/sites/default/files/uploads/products/22874/jans202516g-cermelang-padas-sdn-bhd-g.pdf,https://water.sabah.gov.my/products?page=5
161,5,"CEMERLANG PADAS SDN BHD Lot 32, 2nd Floor, Block F, KK Times Square, Off Coastal Road, 88100 Kota Kinabalu, Sabah",20-02-2027,METER,A [Measuring Device],METER,GKM,https://water.sabah.gov.my/sites/default/files/uploads/products/22873/jans202516f-cermelang-padas-sdn-bhd-f.pdf,https://water.sabah.gov.my/products?page=5
162,5,"CEMERLANG PADAS SDN BHD Lot 32, 2nd Floor, Block F, KK Times Square, Off Coastal Road, 88100 Kota Kinabalu, Sabah",20-02-2027,METER,A [Measuring Device],METER,GKM,https://water.sabah.gov.my/sites/default/files/uploads/products/22872/jans202516e-cermelang-padas-sdn-bhd-e.pdf,https://water.sabah.gov.my/products?page=5
163,5,"CEMERLANG PADAS SDN BHD Lot 32, 2nd Floor, Block F, KK Times Square, Off Coastal Road, 88100 Kota Kinabalu, Sabah",20-02-2027,METER,A [Measuring Device],METER,GKM,https://water.sabah.gov.my/sites/default/files/uploads/products/22871/jans202516d-cermelang-padas-sdn-bhd-d.pdf,https://water.sabah.gov.my/products?page=5
164,5,"CEMERLANG PADAS SDN BHD Lot 32, 2nd Floor, Block F, KK Times Square, Off Coastal Road, 88100 Kota Kinabalu, Sabah",20-02-2027,METER,A [Measuring Device],METER,GKM,https://water.sabah.gov.my/sites/default/files/uploads/products/22870/jans202516c-cermelang-padas-sdn-bhd-c.pdf,https://water.sabah.gov.my/products?page=5
165,5,"CEMERLANG PADAS SDN BHD Lot 32, 2nd Floor, Block F, KK Times Square, Off Coastal Road, 88100 Kota Kinabalu, Sabah",20-02-2027,METER,A [Measuring Device],METER,GKM,https://water.sabah.gov.my/sites/default/files/uploads/products/22869/jans202516b-cermelang-padas-sdn-bhd-b.pdf,https://water.sabah.gov.my/products?page=5
166,5,"GREENSON TECHNOLOGY SDN BHD 26-05, Stellar Suites, Jalan Puteri  4/7, Bandar Puteri, 47100 Puchong, Selangor Darul Ehsan",20-02-2027,METER,B [Instrument And Control],METER,RIVENTA,https://water.sabah.gov.my/sites/default/files/uploads/products/22867/jans202515-greenson-technology-sdn-bhd.pdf,https://water.sabah.gov.my/products?page=5
167,5,"HYDROAXYS SDN BHD D2-11-G & D211-1, Jalan Dutamas 2, Taman Dutamas, 43200 Balakong, Selangor, Malaysia",20-02-2027,Aquatroll Multiparameter,B [Water Quality Monitoring Equipment],MULTIPARAMETER,IN-SITU,https://water.sabah.gov.my/sites/default/files/uploads/products/22866/jans202514-hydroaxys-sdn-bhd.pdf,https://water.sabah.gov.my/products?page=5
168,5,"ARACHEM (M) SDN BHD 11, Persiaran Industri, Taman Perindustrian Sri Damansara, Bandar Sri Damansara, 52200 Kuala Lumpur",20-02-2027,MIXER,A [Water Treatment Equipment],Mixer,STATIFLO,https://water.sabah.gov.my/sites/default/files/uploads/products/22865/jans202513-arachem-m-sdn-bhd.pdf,https://water.sabah.gov.my/products?page=5
169,5,"PIPEWAY INDUSTRY SDN BHD AL-73, Kampung Baru Sungai Buloh, 47000 Selangor Darul Ehsan",19-12-2026,STEEL PIPE (ERW) (SAW) - PIPE & SPECIALS,A [Conveyance of Water],PIPE & SPECIALS,"PIPELINE, PWI",https://water.sabah.gov.my/sites/default/files/uploads/products/22853/jans2024113-pipeway-industry-sdn-bhd.pdf,https://water.sabah.gov.my/products?page=5
170,5,"MALSTORE SDN BHD No. 3D, Jalan PJS 1/48, Taman Petaling Utama, 46150 Petaling Jaya, Selangor",19-12-2026,TANK,A [Storage of Water],TANK,MALSTORE,https://water.sabah.gov.my/sites/default/files/uploads/products/22852/jans2024112-malstore-sdn-bhd.pdf,https://water.sabah.gov.my/products?page=5
171,5,"BEYOND ATRIA SDN BHD No. G-47-1, Block G, 1st Floor Pavillion Bundusan, Jalan Bundusan 88300 Penampang, Kota Kinabalu",04-12-2026,POLYPROPYLENE (PP) PIPES & FITTINGS,A [Conveyance of Water],PIPES & FITTINGS,REHAU,https://water.sabah.gov.my/sites/default/files/uploads/products/22851/jans2024111ab-beyond-atria-sdn-bhd.pdf,https://water.sabah.gov.my/products?page=5
172,5,"CEW SIN PLASTIC PIPE SDN BHD Lot 305010, Jalan Chepor 11/10, Pusat Industri Seramik Fasa 2, Chepor, 31200 Chemor, Perak Darul Ridzuan",04-12-2026,UNPLASTICIZED POLYVINYL CHLORIDE (UPVC) PIPE,A [Conveyance of Water],PIPE,CS,https://water.sabah.gov.my/sites/default/files/uploads/products/22850/jans2024110-cew-sin-plastic-pipe-sdn-bhd-upvc-pipe.pdf,https://water.sabah.gov.my/products?page=5
173,5,"CEW SIN PLASTIC PIPE SDN BHD Lot 305010, Jalan Chepor 11/10, Pusat Industri Seramik Fasa 2, Chepor, 31200 Chemor, Perak Darul Ridzuan",04-12-2026,POLYETHYLENE (PE) PIPES,A [Conveyance of Water],PIPES,CS,https://water.sabah.gov.my/sites/default/files/uploads/products/22849/jans2024109-cew-sin-plastic-pipe-sdn-bhd.pdf,https://water.sabah.gov.my/products?page=5
174,5,"PROGRESSIVE CONTROL SDN BHD Lot.N6, Cyber Square, 88300, Kota Kinabalu, Sabah, Malaysia",04-12-2026,VALVES,A [Flow Control],VALVES,"Si, SISB",https://water.sabah.gov.my/sites/default/files/uploads/products/22848/jans2024108-progressive-control-sdn-bhd.pdf,https://water.sabah.gov.my/products?page=5
175,5,"YMC TECHNOLOGIES SDN BHD No. 12 Jalan Astaka U8/83, Seksyen U8, Bukit Jelutong 40150 Shah Alam, Selangor",04-12-2026,VALVES,A [Flow Control],VALVES,AVM,https://water.sabah.gov.my/sites/default/files/uploads/products/22847/jans2024107-ymc-technologies-sdn-bhd.pdf,https://water.sabah.gov.my/products?page=5
176,5,"AFC VALVES MALAYSIA SDN BHD No.20 Jalan Sg Jeluh 32/189, Bukit Naga Industrial Park, Seksyen 32, 40460 Shah Alam, Selangor D.E",06-09-2026,VALVE,A [Flow Control],VALVE,AFC,https://water.sabah.gov.my/sites/default/files/uploads/products/22846/jans2024106-afc-valves-malaysia-sdn-bhd-afc.pdf,https://water.sabah.gov.my/products?page=5
177,5,"DELTA PERDANA SDN BHD No 24, Jalan Utarid U5/14 Seksyen U5, 40150 Shah Alam, Selangor.",27-08-2026,WATER METER,A [Measuring Device],WATER METER,DP MTR,https://water.sabah.gov.my/sites/default/files/uploads/products/22845/jans2024104a-delta-perdana-sdn-bhd.pdf,https://water.sabah.gov.my/products?page=5
178,5,"DELTA PERDANA SDN BHD No 24, Jalan Utarid U5/14 Seksyen U5, 40150 Shah Alam, Selangor.",27-08-2026,WATER METER,A [Measuring Device],WATER METER,DELTA MTR,https://water.sabah.gov.my/sites/default/files/uploads/products/22844/jans2024104-delta-perdana-sdn-bhd.pdf,https://water.sabah.gov.my/products?page=5
179,5,"FUTURE PIPE INDUSTRIES (M) SDN BHD Suite 8-2, Level 8, Wisma Uoa Ii, 21 Jalan Pinang, 50450 Kuala Lumpur, Malaysia",27-08-2026,Fiberstrong / Fiberglass Pipes [GRP],A [Conveyance of Water],FIBERGLASS PIPES,FIBERSTRONG ®,https://water.sabah.gov.my/sites/default/files/uploads/products/22843/jans2024103-future-pipe-sdn-bhd.pdf,https://water.sabah.gov.my/products?page=5
180,5,"STEELWORKS ENGINEERING SDN BHD Lot 3, Jalan CJ5, Kawasan Perindustrian Cheras Jaya, 43200 Balakong, Selangor",27-08-2026,PRESSED STEEL SECTIONAL WATER TANK,A,WATER TANK,SUNNIK,https://water.sabah.gov.my/sites/default/files/uploads/products/22842/jans2024102-steelworks-engineering-sdn-bhd.pdf,https://water.sabah.gov.my/products?page=5
181,6,"SHING  LAM HUAT SDN BHD Lot 60359, Jalan Kpb 2, Bukit Belimbing, Balakong, 43300 Seri Kembangan, Selangor Malaysia",27-08-2026,Unplasticized Polyvinyl Chloride [PVC-U] Pipes,B [Water Treatment Equipment],PIPES,TVT,https://water.sabah.gov.my/sites/default/files/uploads/products/22841/jans2024101-shing-lam-huat-sdn-bhd.pdf,https://water.sabah.gov.my/products?page=6
182,6,"CHEMKIMIA SDN BHD No. 19, Jalan Kenanga 6, Seksyen BB 11, Bandar Bukit Beruntung, 48300 Rawang, Selangor",27-08-2026,ALUMINIUM CHLOROHYDRATE,A  [Chemical For Water Treatment],Aluminium Chlorohydrate,CHEMCHLOR,https://water.sabah.gov.my/sites/default/files/uploads/products/22840/jans2024100-chemkimia-sdn-bhd.pdf,https://water.sabah.gov.my/products?page=6
183,6,"BINA PLASTIC INDUSTRIES SDN BHD Lot 4844, Balakong New Village Industrial Estate, 433000 Seri Kembangan, Selangor.",27-08-2026,Unplasticized Polyvinyl Chloride [PVC-U] Pipes,A,PIPES,BBB,https://water.sabah.gov.my/sites/default/files/uploads/products/22839/jans202499-bina-plastic-industries-sdn-bhd.pdf,https://water.sabah.gov.my/products?page=6
184,6,"ARACHEM (M) SDN BHD 11, Persiaran Industry, Taman Perindustrian Damansara, Bandar Sri Damansara 52200 Kuala Lumpur",27-08-2026,MIXER,B [Mixing],Mixer,LIGHTNIN,https://water.sabah.gov.my/sites/default/files/uploads/products/22838/jans202498-arachem-m-sdn-bhd.pdf,https://water.sabah.gov.my/products?page=6
185,6,"ARACHEM (M) SDN BHD 11, Persiaran Industry, Taman Perindustrian Damansara, Bandar Sri Damansara 52200 Kuala Lumpur",27-08-2026,METERING PUMP,B [Sludge Treatment],Pump,BRAN+LUEBE,https://water.sabah.gov.my/sites/default/files/uploads/products/22837/jans202497-arachem-m-sdn-bhd.pdf,https://water.sabah.gov.my/products?page=6
186,6,"ARACHEM (M) SDN BHD 11, Persiaran Industry, Taman Perindustrian Damansara, Bandar Sri Damansara 52200 Kuala Lumpur",27-08-2026,Chemical Dosing Preparation System,B [Water Treatment Equipment],Chemical Dosing Preparation System,POLYMIX,https://water.sabah.gov.my/sites/default/files/uploads/products/22836/jans202496-arachem-m-sdn-bhd.pdf,https://water.sabah.gov.my/products?page=6
187,6,"ARACHEM (M) SDN BHD 11, Persiaran Industry, Taman Perindustrian Damansara, Bandar Sri Damansara, 52200 Kuala Lumpur.",27-08-2026,CENTRIFUGAL PUMP,B [Flow Control],Pump,JOHNSON PUMP,https://water.sabah.gov.my/sites/default/files/uploads/products/22835/jans202495-arachem-m-sdn-bhd.pdf,https://water.sabah.gov.my/products?page=6
188,6,"NETZSCH (MALAYSIA) SDN BHD No 6,Jalan Astaka U8/88B,Bukit Jelutong , 40150 , Shah Alam,Selangor , Malaysia",27-08-2026,Perilstatic Pump,B [Water Treatment Equipment],Pump,NETZCH,https://water.sabah.gov.my/sites/default/files/uploads/products/22834/jans202494-netzsch-malaysia-sdn-bhd.pdf,https://water.sabah.gov.my/products?page=6
189,6,"NETZSCH (MALAYSIA) SDN BHD No 6,Jalan Astaka U8/88B,Bukit Jelutong , 40150 , Shah Alam,Selangor , Malaysia",27-08-2026,Progressive Cavity Pump,B [Sludge Treatment],Pump,NETZCH,https://water.sabah.gov.my/sites/default/files/uploads/products/22833/jans202493-netzsch-malaysia-sdn-bhd.pdf,https://water.sabah.gov.my/products?page=6
190,6,"SIME DARBY ELECTROPACK SDN BHD Lot 7, Ground Floor, Block L, Kk Inanam Taipan Phase 3, Inanam New Township, 88450 Kota Kinabalu, Sabah",27-08-2026,GENERATOR SET,A,GENERATOR SET,PERKINS,https://water.sabah.gov.my/sites/default/files/uploads/products/22832/jans202492-sime-darby-electropack-sdn-bhd.pdf,https://water.sabah.gov.my/products?page=6
191,6,"SYARIKAT LOGAM UNITRADE SDN BHD No. 2, Jalan Astaka U8/87, Sek U8, Bukit Jelutong, 40150 Shah Alam, Selangor",27-08-2026,Stainless Steel Fittings,A,FITTINGS,ALFRAN,https://water.sabah.gov.my/sites/default/files/uploads/products/22831/jans202491-syarikat-logam-unitrade-sdn-bhd.pdf,https://water.sabah.gov.my/products?page=6
192,6,"FAST FLOW MALAYSIA SDN BHD No.16, Jln 15/22, Taman Perindustrian Tiong Nam, 40200 Shah Alam, Selangor",27-08-2026,Polyethylene [PE] Fittings,A,FITTINGS,VASEN,https://water.sabah.gov.my/sites/default/files/uploads/products/22830/jans202490-fast-flow-malaysia-sdn-bhd.pdf,https://water.sabah.gov.my/products?page=6
193,6,"FAST FLOW MALAYSIA SDN BHD No.16, Jln 15/22, Taman Perindustrian Tiong Nam, 40200 Shah Alam, Selangor",27-08-2026,PPR Pipe & PPR Fittings,A,PIPE & FITTINGS,VASEN,https://water.sabah.gov.my/sites/default/files/uploads/products/22829/jans202489a-b-c-fastflow-malaysia-sdn-bhd.pdf,https://water.sabah.gov.my/products?page=6
194,6,"BREEN INTERNATIONAL SDN BHD No.27, Jalan Industri Pbp 8, Pusat Bandar Puchong, 47100 Puchong, Selangor Darul Ehsan.",27-08-2026,Pilot Operated Control Valve,B [Flow Control],VALVE,EKOVAL,https://water.sabah.gov.my/sites/default/files/uploads/products/22828/jans202488-breen-international-sdn-bhd.pdf,https://water.sabah.gov.my/products?page=6
195,6,MODERN ERA PLUS SDN BHD Lot 1890-1891 Block 5 Kuala Baram District Senadin 98000 Miri Sarawak.,27-08-2026,Pipe-In Liner,B,Pipe-In Liner,ASOE,https://water.sabah.gov.my/sites/default/files/uploads/products/22827/jans202487-modern-era-plus-sdn-bhd.pdf,https://water.sabah.gov.my/products?page=6
196,6,"PREMIER WATER SERVICES SDN BHD No 14, Jalan Kerawang U8/108, Perindustrian Tekno Jelutong, Seksyen U8 Bukit Jelutong , 40150, Shah Alam, Selangor.",27-08-2026,Diehl Meter Advance Metrology R800 Volumetric Water Meter,A,VOLUMETRIC WATER METER,Diehl Metering,https://water.sabah.gov.my/sites/default/files/uploads/products/22826/jans202486a-b-premier-water-services.pdf,https://water.sabah.gov.my/products?page=6
197,6,"GPA PUMPS (M) SDN BHD No.12, Jalan 6/152, Taman Perindustrian Oug, 58200 Kuala Lumpur, Malaysia",27-08-2026,CENTRIFUGAL PUMP,B [Flow Control],Pump,VARISCO,https://water.sabah.gov.my/sites/default/files/uploads/products/22825/jans202485-gpa-pumps-varisco.pdf,https://water.sabah.gov.my/products?page=6
198,6,"GPA PUMPS (M) SDN BHD No.12, Jalan 6/152, Taman Perindustrian Oug, 58200 Kuala Lumpur, Malaysia",27-08-2026,CENTRIFUGAL PUMP,B [Flow Control],Pump,SAER ELETROPOMPE,https://water.sabah.gov.my/sites/default/files/uploads/products/22824/jans202484-gpa-pumps-saer.pdf,https://water.sabah.gov.my/products?page=6
199,6,"PAU TATT WATER PIPE SDN BHD Lot PT35343, Batu 1½, Jalan Bangi Lama, 43500 Semenyih, Selangor Darul Ehsan",28-05-2026,STEEL PIPE [ERW)] [SAW] - PIPE & SPECIALS,A [Conveyance of Water],PIPES & SPECIALS,PT,https://water.sabah.gov.my/sites/default/files/uploads/products/22814/jans202483-pau-tatt-water-pipe-sdn-bhd-pt.pdf,https://water.sabah.gov.my/products?page=6
200,6,"MRPI PIPES SDN BHD No. 5, Jalan Perusahaan 2, Kawasan Perindustrian Bukit Raja, 41050 Klang, Selangor Darul Ehsan",28-05-2026,HDPE PIPE,A [Conveyance of Water],PIPE,MRPI,https://water.sabah.gov.my/sites/default/files/uploads/products/22813/jans202482-mrpi-pipes-sdn-bhd-mrpi.pdf,https://water.sabah.gov.my/products?page=6
201,6,"YMC TECHNOLOGIES SDN BHD No.12 Jalan Astaka U8/83, Seksyen U8, Bukit Jelutong, 40150 Shah Alam, Selangor Darul Ehsan",28-05-2026,Pressed Steel Sectional Rectangular Tank,A [Storage of Water],TANK,NOVA,https://water.sabah.gov.my/sites/default/files/uploads/products/22812/jans202481-ymc-technologies-sdn-bhd-nova.pdf,https://water.sabah.gov.my/products?page=6
202,6,"HACH MALAYSIA SDN BHD Surian Tower, Unit 23A, 23A Floor, No. 1, Jalan PJU 7/3, Mutiara Damansara, 47810 Petaling Jaya, Selangor.",28-05-2026,WATER QUALITY MONITORING EQUIPMENT,B [Water Quality Monitoring Equipment],WATER QUALITY MONITORING EQUIPMENT,HACH,https://water.sabah.gov.my/sites/default/files/uploads/products/22811/jans202480-hach-malaysia-sdn-bhd-hach.pdf,https://water.sabah.gov.my/products?page=6
203,6,"HACH MALAYSIA SDN BHD Surian Tower, Unit 23A, 23A Floor, No. 1, Jalan PJU 7/3, Mutiara Damansara, 47810 Petaling Jaya, Selangor.",28-05-2026,WATER QUALITY MONITORING EQUIPMENT,B [Water Quality Monitoring Equipment],WATER QUALITY MONITORING EQUIPMENT,IDEXX,https://water.sabah.gov.my/sites/default/files/uploads/products/22810/jans202479-hach-malaysia-sdn-bhd-hach.pdf,https://water.sabah.gov.my/products?page=6
204,6,"HACH MALAYSIA SDN BHD Surian Tower, Unit 23A, 23A Floor, No. 1, Jalan PJU 7/3, Mutiara Damansara, 47810 Petaling Jaya, Selangor.",28-05-2026,WATER QUALITY MONITORING EQUIPMENT,B [Water Quality Monitoring Equipment],WATER QUALITY MONITORING EQUIPMENT,LASER DIAGNOSTIC INSTRUMENT (LDI),https://water.sabah.gov.my/sites/default/files/uploads/products/22809/jans202478-hach-malaysia-sdn-bhd-hach.pdf,https://water.sabah.gov.my/products?page=6
205,6,"AFC VALVES MALAYSIA SDN BHD No.20 Jalan Sg Jeluh 32/189, Bukit Naga Industrial Park, Seksyen 32, 40460 Shah Alam, Selangor D.E",28-05-2026,VALVE,A [Flow Control],VALVE,AFC,https://water.sabah.gov.my/sites/default/files/uploads/products/22808/jans202477-afc-valves-malaysia-sdn-bhd-afc.pdf,https://water.sabah.gov.my/products?page=6
206,6,"PROGRESSIVE CONTROL SDN BHD Lot.N6, Cyber Square, 88300 Kota Kinabalu, Sabah, Malaysia",28-05-2026,ELECTROMAGNETIC FLOWMETER,B [Measuring Device],FLOWMETERS,ISOMAG,https://water.sabah.gov.my/sites/default/files/uploads/products/22807/jans202476-progressive-control-sdn-bhd-isomag.pdf,https://water.sabah.gov.my/products?page=6
207,6,"GLOBAL TANKCOM SDN BHD Suite 2-7-5, No.2,7th Floor, Wisma Manjalara, Jalan 7A/62A, Bandar Manjalara, 52200 Kuala Lumpur",28-05-2026,GLASS FUSED STEEL TANK,A [Storage of Water],TANK,YHR,https://water.sabah.gov.my/sites/default/files/uploads/products/22806/jans202475-global-tankcom-sdn-bhd-yhr.pdf,https://water.sabah.gov.my/products?page=6
208,6,"NORWARDS INDUSTRIES SDN. BHD. Lot 5191, Jalan Balakong, Batu 13, Taman Balakong Jaya 43300 Balakong, Selangor, Malaysia",28-05-2026,FITTINGS,A [Conveyance of Water],FITTINGS,NORWARDS,https://water.sabah.gov.my/sites/default/files/uploads/products/22805/jans202474-norwards-industries-sdn-bhd-norwards.pdf,https://water.sabah.gov.my/products?page=6
209,6,"NORWARDS INDUSTRIES SDN. BHD. Lot 5191, Jalan Balakong, Batu 13, Taman Balakong Jaya 43300 Balakong, Selangor, Malaysia",28-05-2026,DUCTILE IRON FITTINGS,A [Conveyance of Water],FITTINGS,NORWARDS,https://water.sabah.gov.my/sites/default/files/uploads/products/22804/jans202473ab-norwards-industries-sdn-bhd-norwards.pdf,https://water.sabah.gov.my/products?page=6
210,6,"NORWARDS INDUSTRIES SDN. BHD. Lot 5191, Jalan Balakong, Batu 13, Taman Balakong Jaya 43300 Balakong, Selangor, Malaysia",28-05-2026,DUCTILE IRON FITTINGS,A [Conveyance of Water],FITTINGS,NORWARDS,https://water.sabah.gov.my/sites/default/files/uploads/products/22803/jans202472-norwards-industries-sdn-bhd-norwards.pdf,https://water.sabah.gov.my/products?page=6
211,7,"WASCO PIPE SABAH SDN BHD No. 1, Jalan 4, KKIP Timur, Industrial Zone 13 (IZ13), Kota Kinabalu Industrial Park, 88460 Kota Kinabalu, Sabah, Malaysia.",28-05-2026,Spiral Welded / HSAW Pipes,A [Conveyance of Water],PIPES,WPS,https://water.sabah.gov.my/sites/default/files/uploads/products/22802/jans202471-wasco-pipe-sabah-sdn-bhd-wps.pdf,https://water.sabah.gov.my/products?page=7
212,7,"SVM WATER CONTROLS SDN BHD No 2. Jalan TP 5A, Taman Perindustrian UEP, 47600 Subang Jaya, Selangor.",28-05-2026,VALVE,B [Flow Control],VALVE,SINGER,https://water.sabah.gov.my/sites/default/files/uploads/products/22801/jans202470ab-svm-water-controls-sdn-bhd-singer.pdf,https://water.sabah.gov.my/products?page=7
213,7,"AZEETA PIPE SYSTEM SDN BHD No 9, Jalan Anggerik Mokara 3 1/59, Kota Kemuning, 40460 Shah Alam, Selangor.",28-05-2026,Polypropylene Random Copolymer Pipes,A [Conveyance of Water],PIPES,AZEETA,https://water.sabah.gov.my/sites/default/files/uploads/products/22800/jans202469-azeeta-pipe-system-sdn-bhd.pdf,https://water.sabah.gov.my/products?page=7
214,7,"AZEETA PIPE SYSTEM SDN BHD No 9, Jalan Anggerik Mokara 3 1/59, Kota Kemuning, 40460 Shah Alam, Selangor.",28-05-2026,Thermoplastic Stopvalves For Potable Water,A,STOPVALVE,AZEETA,https://water.sabah.gov.my/sites/default/files/uploads/products/22799/jans202468-azeeta-pipe-system-sdn-bhd.pdf,https://water.sabah.gov.my/products?page=7
215,7,"AZEETA PIPE SYSTEM SDN BHD No 9, Jalan Anggerik Mokara 3 1/59, Kota Kemuning, 40460 Shah Alam, Selangor.",28-05-2026,Polypropylene Random Copolymer Fittings,A [Conveyance of Water],FITTINGS,AZEETA,https://water.sabah.gov.my/sites/default/files/uploads/products/22798/jans202467-azeeta-pipe-system-sdn-bhd.pdf,https://water.sabah.gov.my/products?page=7
216,7,"AZEETA PIPE SYSTEM SDN BHD No 9, Jalan Anggerik Mokara 3 1/59, Kota Kemuning, 40460 Shah Alam, Selangor.",28-05-2026,High Density Polyethylene Pipes,A [Conveyance of Water],PIPES,AZEETA,https://water.sabah.gov.my/sites/default/files/uploads/products/22797/jans202466-azeeta-pipe-system-sdn-bhd.pdf,https://water.sabah.gov.my/products?page=7
217,7,"AZEETA PIPE SYSTEM SDN BHD No 9, Jalan Anggerik Mokara 3 1/59, Kota Kemuning, 40460 Shah Alam, Selangor.",28-05-2026,HDPE FITTINGS,A [Conveyance of Water],HDPE FITTINGS,AZEETA,https://water.sabah.gov.my/sites/default/files/uploads/products/22446/jans202465a-b-c-d-e-f-g-h-azeeta-pipe-system-sdn-bhd.pdf,https://water.sabah.gov.my/products?page=7
218,7,"SEEPEX (M) SDN BHD No.2 Jalan 51/203a, Kaw. Perindustrian Tiong Nam, Seksyen 51, 46050 Petaling Jaya Selangor",28-05-2026,Progressive Cavity Pump,B [Water Treatment Equipment],Pump,SEEPEX,https://water.sabah.gov.my/sites/default/files/uploads/products/22445/jans202464-seepex-m-sdn-bhd.pdf,https://water.sabah.gov.my/products?page=7
219,7,"PROMINENT FLUID CONTROLS (M) SDN BHD No.7 Jalan BP 4/9 Bandar Bukit Puchong, 47120, Puchong, Selangor.",28-05-2026,Online Analyser,B [Instrumentation and Control],Online Analyser,ProMinent,https://water.sabah.gov.my/sites/default/files/uploads/products/22444/jans202463a-b-prominent-fluid-controls-m-sdn-bhd.pdf,https://water.sabah.gov.my/products?page=7
220,7,"M.FLOTECH CONTROLS SDN BHD No. 20, Jalan TP 7/6, Taman Perindustrian UEP Subang, 40400 Shah Alam, Selangor.",28-05-2026,ELECTROMAGNETIC FLOWMETER,A [Measuring Device],FLOW METER,ISOLV,https://water.sabah.gov.my/sites/default/files/uploads/products/22443/jans202462a-b-c-mflotech-controls-sdn-bhd.pdf,https://water.sabah.gov.my/products?page=7
221,7,"M.FLOTECH CONTROLS SDN BHD No. 20, Jalan TP 7/6, Taman Perindustrian UEP Subang, 40400 Shah Alam, Selangor.",28-05-2026,IEF Insertion Flowmeter,B [Measuring Device],FLOW METER,ISOLV,https://water.sabah.gov.my/sites/default/files/uploads/products/22442/jans202461-mflotech-controls-sdn-bhd.pdf,https://water.sabah.gov.my/products?page=7
222,7,"M.FLOTECH CONTROLS SDN BHD No. 20, Jalan TP 7/6, Taman Perindustrian UEP Subang, 40400 Shah Alam, Selangor.",28-05-2026,Water Quality Analyzer,B [Water Quality Monitoring Equipment],Water Quality Analyzer,ISOLV,https://water.sabah.gov.my/sites/default/files/uploads/products/22441/jans202460-mflotech-controls-sdn-bhd.pdf,https://water.sabah.gov.my/products?page=7
223,7,"M.FLOTECH CONTROLS SDN BHD No. 20, Jalan TP 7/6, Taman Perindustrian UEP Subang, 40400 Shah Alam, Selangor.",28-05-2026,LEVEL METER,B [Instrumentation and Control],LEVEL METER,ISOLV,https://water.sabah.gov.my/sites/default/files/uploads/products/22440/jans202459-mflotech-controls-sdn-bhd.pdf,https://water.sabah.gov.my/products?page=7
224,7,"PEMBINAAN JADIRIA SDN BHD Lot 9-2 11-2, 2nd Floor, Block C, Lintas Square, Jalan Lintas, 88300 Kota Kinabalu, Sabah",28-05-2026,ACTIFLO,B [Water Treatment System],ACTIFLO,VEOLIA,https://water.sabah.gov.my/sites/default/files/uploads/products/22439/jans202458-pembinaan-jadiria-sdn-bhd.pdf,https://water.sabah.gov.my/products?page=7
225,7,"AVK VALVES MANUFACTURING MALAYSIA SDN BHD Lot No.1, Jalan Sungai Chadong 8, Batu 5½ Mile, Jalan Kapar, 42100 Klang, Selangor Darul Ehsan",28-05-2026,VALVE,A [Flow Control],VALVE,AVK,https://water.sabah.gov.my/sites/default/files/uploads/products/22438/jans202457-avk-valves-manufacturing-malaysia-sdn-bhd.pdf,https://water.sabah.gov.my/products?page=7
226,7,"COSMOS INSTRUMENTS SDN BHD Pt 59919, Jalan Kpb 6, Kawasan Perindustrian Kg. Baru Balakong, 43300 Seri Kembangan, Selangor.",28-05-2026,Pump Monitoring System Sensor,B [Water Treatment Equipment],Pump Monitoring System Sensor,IFM,https://water.sabah.gov.my/sites/default/files/uploads/products/22437/jans202456-cosmos-instruments-sdn-bhd.pdf,https://water.sabah.gov.my/products?page=7
227,7,"COSMOS INSTRUMENTS SDN BHD Pt 59919, Jalan Kpb 6, Kawasan Perindustrian Kg. Baru Balakong, 43300 Seri Kembangan, Selangor.",28-05-2026,Pump Monitoring System Power Supply,B [Water Treatment Equipment],Pump Monitoring System Power Supply,IFM,https://water.sabah.gov.my/sites/default/files/uploads/products/22436/jans202455-cosmos-instruments-sdn-bhd.pdf,https://water.sabah.gov.my/products?page=7
228,7,"COSMOS INSTRUMENTS SDN BHD Pt 59919, Jalan Kpb 6, Kawasan Perindustrian Kg. Baru Balakong, 43300 Seri Kembangan, Selangor.",28-05-2026,Pump Monitoring System Connection Fittings and Adapters,B [Water Treatment Equipment],FITTINGS AND ADAPTERS,IFM,https://water.sabah.gov.my/sites/default/files/uploads/products/22435/jans202454-cosmos-instruments-sdn-bhd.pdf,https://water.sabah.gov.my/products?page=7
229,7,"GRUNDFOS PUMPS SDN BHD 7, Jalan Peguam U1/25, Glenmarie Industrial Park, 40150, Shah Alam, Selangor",28-05-2026,ELECTROCHLORINATION SYSTEM,B [Water Treatment Equipment],ELECTROCHLORINATION,GRUNDFOS,https://water.sabah.gov.my/sites/default/files/uploads/products/22434/jans202453-grundfos-pumps-sdn-bhd.pdf,https://water.sabah.gov.my/products?page=7
230,7,"LAKSANA WIBAWA SDN BHD Lot PT 7157, Batu 22 1/2, Mukim Serendah, 48200 Hulu Selangor, Selangor Darul Ehsan",28-05-2026,STEEL PIPES,A [Conveyance of Water],PIPES,LW,https://water.sabah.gov.my/sites/default/files/uploads/products/22433/jans202452-laksana-wibawa-sdn-bhd.pdf,https://water.sabah.gov.my/products?page=7
231,7,"LAKSANA WIBAWA SDN BHD Lot PT 7157, Batu 22 1/2, Mukim Serendah, 48200 Hulu Selangor, Selangor Darul Ehsan",28-05-2026,FITTINGS,A [Conveyance of Water],FITTINGS,LW,https://water.sabah.gov.my/sites/default/files/uploads/products/22432/jans202451-laksana-wibawa-sdn-bhd.pdf,https://water.sabah.gov.my/products?page=7
232,7,"SOLIDIUM (SABAH) SDN BHD NO.31, LORONG 1C, KKIP SELATAN, IZ2 (RFB), 88460 KOTA KINABALU, SABAH",15-03-2026,METERING PUMP,FLOW CONTROL,Pump,MILTON ROY,https://water.sabah.gov.my/sites/default/files/uploads/products/18013/jans202448-solidium-sdn-bhd-kkbis-milton-roy.pdf,https://water.sabah.gov.my/products?page=7
233,7,"KKB INDUSTRIES (SABAH) SDN BHD. NO 11-13, JALAN 1G KKIP SELATAN. LOTS 13, 14 &15 (IZ4) KOTA KINABALU INDUSTRIAL PARK 88460 KOTA KINABALU, SABAH",15-03-2026,MSCL PIPES & SPECIALS,CONVEYANCE OF WATER,PIPE,KKBIS,https://water.sabah.gov.my/sites/default/files/uploads/products/18012/jans202447-kkb-industries-sabah-sdn-bhd-kkbis.pdf,https://water.sabah.gov.my/products?page=7
234,7,"ORIENTAL STEEL PIPE SDN BHD Lot 3, Lorong Sungai Chandong, Taman Perindustrian Pulau Indah, 42009 Pelabuhan Klang, Selangor Darul Ehsan",15-03-2026,STEEL PIPE SPECIALS,CONVEYANCE OF WATER,PIPE,ORIENTAL STEEL PIPE,https://water.sabah.gov.my/sites/default/files/uploads/products/18011/jans202446b-oriental-steel-pipe-sdn-bhd-oriental-steel-pipe.pdf,https://water.sabah.gov.my/products?page=7
235,7,"ORIENTAL STEEL PIPE SDN BHD Lot 3, Lorong Sungai Chandong, Taman Perindustrian Pulau Indah, 42009 Pelabuhan Klang, Selangor Darul Ehsan",15-03-2026,STEEL PIPE,CONVEYANCE OF WATER,PIPE,OSP,https://water.sabah.gov.my/sites/default/files/uploads/products/18010/jans202446a-oriental-steel-pipe-sdn-bhd-osp.pdf,https://water.sabah.gov.my/products?page=7
236,7,"WEIDA RESOURCES SDN BHD Lot 57, SEDCO Light Industrial Estate, Lok Kawi, 88801, Kota Kinabalu, Sabah",15-03-2026,POLYETHYLENE (PE/ HDPE) WATER TANK,STORAGE OF WATER,TANK,POLYSTOR,https://water.sabah.gov.my/sites/default/files/uploads/products/18009/jans202445-weida-resources-sdn-bhd-polystor.pdf,https://water.sabah.gov.my/products?page=7
237,7,"WEIDA RESOURCES SDN BHD Lot 57, SEDCO Light Industrial Estate, Lok Kawi, 88801, Kota Kinabalu, Sabah",15-03-2026,POLYETHYLENE (HDPE) PIPE,CONVEYANCE OF WATER,PIPE,WEIDALINE,https://water.sabah.gov.my/sites/default/files/uploads/products/18008/jans202444-weida-resources-sdn-bhd-weidaline.pdf,https://water.sabah.gov.my/products?page=7
238,7,"POLYWARE SDN BHD 7, Jalan Zarib 1, Zarib Industrial Park, 31500 Ipoh, Perak",15-03-2026,POLYETHYELENE (PE) PIPES,CONVEYANCE OF WATER,PIPES,POLYFUSE,https://water.sabah.gov.my/sites/default/files/uploads/products/18007/jans202443-polyware-sdn-bhd-polyfuse.pdf,https://water.sabah.gov.my/products?page=7
239,7,"LESSO MALAYSIA INDUSTRIES SDN BHD Lot 10072, Persiaran Mahogani Utama 2, Seksyen 4, Bandar Utama Batang Kali, 44300 Selangor, Malaysia",15-03-2026,MULTI-LAYER uPVC PIPES,CONVEYANCE OF WATER,PIPES,PALING HYDROTECH MS3,https://water.sabah.gov.my/sites/default/files/uploads/products/18006/jans202442-lesso-malaysia-industries-sdn-bhd-paling-hydrotech-ms3.pdf,https://water.sabah.gov.my/products?page=7
240,7,"ALPINE PIPE MANUFACTURING SDN BHD LOT 6085, JALAN HAJI ABDUL MANAN, BATU 5½, JALAN MERU, 41050 KLANG, SELANGOR",15-03-2026,MSCL PIPES & FITTINGS,CONVEYANCE OF WATER,PIPES & FITTINGS,"ALPINE PIPE, ALPINE PIPE.COM",https://water.sabah.gov.my/sites/default/files/uploads/products/18005/jans202441-alpine-pipe-manufacturing-sdn-bhd-alpine-pipe-alpine-pipecom.pdf,https://water.sabah.gov.my/products?page=7
241,8,"SVM WATER CONTROLS SDN BHD No.6, Jalan MJ4 (PSJ 1/14), Medan Maju Jaya Batu 7, Jalan Klang Lama, 46200 Petaling Jaya, Selangor",15-03-2026,VALVES,FLOW CONTROL,VALVE,SINGER,https://water.sabah.gov.my/sites/default/files/uploads/products/18004/jans202440a-svm-water-control-sdn-bhd-singer.pdf | https://water.sabah.gov.my/sites/default/files/uploads/products/18004/jans202440b-svm-water-control-sdn-bhd-singer.pdf | https://water.sabah.gov.my/sites/default/files/uploads/products/18004/jans202440a-svm-water-control-sdn-bhd-singer.pdf | https://water.sabah.gov.my/sites/default/files/uploads/products/18004/jans202440b-svm-water-control-sdn-bhd-singer.pdf,https://water.sabah.gov.my/products?page=8
242,8,"MEC RESOURCES SDN BHD No 12-3, Lot 70, 3rd Floor, Block I, Lintas Square, Jalan Lintas 88300 Kota Kinabalu, Sabah",15-03-2026,TANK,STORAGE OF  WATER,TANK,PERMASTORE,https://water.sabah.gov.my/sites/default/files/uploads/products/18003/jans202439-mec-resources-sdn-bhd-permastore.pdf,https://water.sabah.gov.my/products?page=8
243,8,"MTL CONTROL VALVES SDN BHD No.14, Jalan P4/5 Bandar Teknologi Kajang, 43500 Semenyih Selangor",15-03-2026,CONTROL VALVE,FLOW CONTROL,VALVE,AFC,https://water.sabah.gov.my/sites/default/files/uploads/products/18002/jans202438-mtl-control-valves-sdn-bhd-mtl.pdf,https://water.sabah.gov.my/products?page=8
244,8,"CEW SIN PLASTIC PIPE SDN BHD Lot 305010, Jalan Chepor 11/10, Pusat Industri Seramik Fasa 2, Chepor, 31200 Chemor, Perak Darul Ridzuan",15-03-2026,UPVC PIPE,CONVEYANCE OF WATER,PIPE,CS,https://water.sabah.gov.my/sites/default/files/uploads/products/18001/jans202437-cew-sin-plastics-sdn-bhd-cs.pdf,https://water.sabah.gov.my/products?page=8
245,8,"TPLI INDUSTRIES SDN BHD. PLOT 30-32, JALAN LOGAM 1, KAWASAN PERINDUSTRIAN KAMUNTING III, 34600 KAMUNTING, PERAK",15-03-2026,DUCTILE IRON (DI) FITTINGS,CONVEYANCE OF WATER,FITTINGS,"AVA, TPLI",https://water.sabah.gov.my/sites/default/files/uploads/products/18000/jans202436-tpli-industries-sdn-bhd-ava-tpli.pdf,https://water.sabah.gov.my/products?page=8
246,8,"TPLI INDUSTRIES SDN BHD. PLOT 30-32, JALAN LOGAM 1, KAWASAN PERINDUSTRIAN KAMUNTING III, 34600 KAMUNTING, PERAK",15-03-2026,DUCTILE IRON (DI) PIPE,CONVEYANCE OF WATER,PIPE,TPLI,https://water.sabah.gov.my/sites/default/files/uploads/products/17999/jans202435-tpli-industries-sdn-bhd-tpli.pdf,https://water.sabah.gov.my/products?page=8
247,8,"TPLI INDUSTRIES SDN BHD. PLOT 30-32, JALAN LOGAM 1, KAWASAN PERINDUSTRIAN KAMUNTING III, 34600 KAMUNTING, PERAK",15-03-2026,FITTINGS,CONVEYANCE OF WATER,FITTINGS,AVA,https://water.sabah.gov.my/sites/default/files/uploads/products/17998/jans202434-tpli-industries-sdn-bhd-ava.pdf,https://water.sabah.gov.my/products?page=8
248,8,"TPLI INDUSTRIES SDN BHD. PLOT 30-32, JALAN LOGAM 1, KAWASAN PERINDUSTRIAN KAMUNTING III, 34600 KAMUNTING, PERAK",15-03-2026,VALVE,FLOW CONTROL,VALVE,AVA,https://water.sabah.gov.my/sites/default/files/uploads/products/17997/jans202432-tpli-industries-sdn-bhd-ava.pdf | https://water.sabah.gov.my/sites/default/files/uploads/products/17997/jans202433-tpli-industries-sdn-bhd-ava.pdf | https://water.sabah.gov.my/sites/default/files/uploads/products/17997/jans202432-tpli-industries-sdn-bhd-ava.pdf | https://water.sabah.gov.my/sites/default/files/uploads/products/17997/jans202433-tpli-industries-sdn-bhd-ava.pdf,https://water.sabah.gov.my/products?page=8
249,8,"STEELWORKS ENGINEERING SDN BHD LOT 3, JALAN CJ5, KAWASAN PERINDUSTRIAN CHERAS JAYA, BALAKONG, 43200 SELANGOR DARUL EHSAN",15-03-2026,STAINLESS STEEL SECTIONAL PANEL TANK,STORAGE OF  WATER,TANK,SUNNIK,https://water.sabah.gov.my/sites/default/files/uploads/products/17996/jans202431-steelworks-engineering-sdn-bhd-sunnik.pdf,https://water.sabah.gov.my/products?page=8
250,8,"TAN TIMUR STAINLESS STEEL DAN COPPER SDN BHD Plot 397, Lorong Perusahaan 8, Perai Industrial Estate, 13600 Prai, Pulau Pinang",15-03-2026,WELDED AUSTENITIC STAINLESS STEEL PIPES,CONVEYANCE OF WATER,PIPE,TT,https://water.sabah.gov.my/sites/default/files/uploads/products/17995/jans202430-tan-timur-stainless-steel-dan-copper-sdn-bhd-tt.pdf,https://water.sabah.gov.my/products?page=8
251,8,"BESI ASIA ENGINEERING WORKS SDN BHD Lot 11, Sedco Likas Industrial Estate, Jalan Kelombong Batu 5½, Jalan Tuaran Inanam, P.O. Box 11746, 88819 Kota Kinabalu, Sabah",15-03-2026,MSCL PIPES & SPECIALS,FLOW CONTROL CONVEYANCE OF WATER,PIPES & SPECIALS,BAE,https://water.sabah.gov.my/sites/default/files/uploads/products/17994/jans202429-besi-asia-engineering-works-sdn-bhd-bae.pdf,https://water.sabah.gov.my/products?page=8
252,8,"PIPECO TANKS MALAYSIA SDN BHD Lot 3, Lorong 2/1, Solok Sultan Hishamuddin 1, Kawasan Perusahaan Selat Klang Utara, 42000, Pelabuhan Klang, Selangor",15-03-2026,STAINLESS STEEL WATER TANK,STORAGE OF  WATER,TANK,PIPECO,https://water.sabah.gov.my/sites/default/files/uploads/products/17992/jans202428-pipeco-tanks-malaysia-sdn-bhd-pipeco.pdf,https://water.sabah.gov.my/products?page=8
253,8,"KANZEN TETSU SDN BHD Lot 6109, Jalan Haji Salleh, Off Jalan Meru 5½ Miles, 41050 Klang, Selangor Darul Ehsan",15-03-2026,PIPE,CONVEYANCE OF WATER,PIPE,KANZEN TETSU,https://water.sabah.gov.my/sites/default/files/uploads/products/17991/jans202427-kanzen-tetsu-sdn-bhd-kanzen-tetsu.pdf,https://water.sabah.gov.my/products?page=8
254,8,"LIPP ENGINEERING SDN BHD 7, Jalan Astaka U8/88A, Seksyen U8, Taman Perindustrian Bukit Jelutong, 40150 Shah Alam, Selangor",15-03-2026,TANK,STORAGE OF  WATER,TANK,LIPP SPIRAL WELDED TANK,https://water.sabah.gov.my/sites/default/files/uploads/products/17990/jans202426-lipp-engineering-sdn-bhd-lipp.pdf,https://water.sabah.gov.my/products?page=8
255,8,"GLOBAL TANKCOM SDN BHD Suite 2-7-5, No.2, 7th Floor, Wisma Manjalara, Jalan 7A/62A, Bandar Manjalara, 52200 Kuala Lumpur, Wilayah Persekutuan",15-03-2026,GLASS FUSED STEEL BOLTED TANK,STORAGE OF  WATER,TANK,YHR,https://water.sabah.gov.my/sites/default/files/uploads/products/17989/jans202425-global-tankcom-sdn-bhd-yhr.pdf,https://water.sabah.gov.my/products?page=8
256,8,"GREENDEX SDN BHD E-3A-08, SIME DARBY OASIS SQUARE, NO.2 JALAN PJU 1A/7A, ARA DAMANSARA, 47301 PETALING JAYA, SELANGOR",15-03-2026,ELECTRO CHLORINATION SYSTEM - BRINE,WATER TREATMENT SYSTEM,ELECTROCHLORINATION,CLORTEC,https://water.sabah.gov.my/sites/default/files/uploads/products/17988/jans202424-greendex-sdn-bhd-clortec.pdf,https://water.sabah.gov.my/products?page=8
257,8,"GREENDEX SDN BHD E-3A-08, SIME DARBY OASIS SQUARE, NO.2 JALAN PJU 1A/7A, ARA DAMANSARA, 47301, PETALING JAYA SELANGOR",15-03-2026,CHLORINATION DISINFECTANT SYSTEM,WATER TREATMENT SYSTEM,OTHERS,CAPITAL CONTROLS,https://water.sabah.gov.my/sites/default/files/uploads/products/17987/jans202423-greendex-sdn-bhd-capital-controls.pdf,https://water.sabah.gov.my/products?page=8
258,8,"KBT PUMPS (MALAYSIA) SDN BHD 1306, Amcorp Tower, Amcorp Trade Center, 18, Jalan Persiaran Barat, 46050 Petaling Jaya, Selangor Darul Ehsan",15-03-2026,CENTRIFUGAL PUMP,FLOW CONTROL,Pump,KUBOTA,https://water.sabah.gov.my/sites/default/files/uploads/products/17986/jans202422-kbt-pumps-malaysia-sdn-bhd-kubota.pdf,https://water.sabah.gov.my/products?page=8
259,8,"VAG-VALVES MALAYSIA SDN BHD L.5.09, Level 5 Wisma BU8, No. 11 Lebuh Bandar Utama, Bandar Utama PJU 6, 47800 Petaling Jaya, Selangor Darul Ehsan",15-03-2026,VALVES,FLOW CONTROL,VALVES,VAG,https://water.sabah.gov.my/sites/default/files/uploads/products/17985/jans202421-vag-valves-sdn-bhd-vag.pdf,https://water.sabah.gov.my/products?page=8
260,8,"STARTECH CONTROL TECHNOLOGY SDN BHD 5, JALAN ANGGERIK MOKARA 31/J, KOTA KEMUNING 40460 SHAH ALAM , SELANGOR",15-03-2026,MOTORISED ACTUATOR,Instrumentation and Control,Motorised Actuator,HURKO,https://water.sabah.gov.my/sites/default/files/uploads/products/17984/jans202420-startech-sdn-bhd-hurko.pdf,https://water.sabah.gov.my/products?page=8
261,8,"Excel Pipes Sdn Bhd 8th Floor, Syed Kechik Foundation Building, Jalan kapas, 59100 Bangsar, Kuala Lumpur",15-03-2026,GLASS REINFORCED PLASTIC (GRP) PIPES & FITTINGS,CONVEYANCE OF WATER,PIPES & FITTINGS,FARATEC,https://water.sabah.gov.my/sites/default/files/uploads/products/17983/jans202419-excel-pipes-sdn-bhd-faratec.pdf,https://water.sabah.gov.my/products?page=8
262,8,"Chin Lean Plastic Factory Sdn Bhd Lot 5005, Jalan Chui Chak,36700 Langkap, Perak",15-03-2026,Polyethylene (PE) Pipe,CONVEYANCE OF WATER,PIPE,CL & CHIN LEAN,https://water.sabah.gov.my/sites/default/files/uploads/products/17982/jans202418-chin-lean-plastic-factory-sdn-bhd-cl-chin-lean.pdf,https://water.sabah.gov.my/products?page=8
263,8,"Chin Lean Plastic Factory Sdn Bhd Lot 5005, Jalan Chui Chak,36700 Langkap, Perak",15-03-2026,UNPLASTICIZED POLYVINYL CHLORIDE (UPVC) PIPE,CONVEYANCE OF WATER,PIPE,CL & CHIN LEAN,https://water.sabah.gov.my/sites/default/files/uploads/products/17981/jans202417-chin-lean-plastic-factory-sdn-bhd-cl-chin-lean.pdf,https://water.sabah.gov.my/products?page=8
264,8,"Dryco Filtration Sdn Bhd 8, Jalan TPP 5/1, Taman Perindustrian Puchong, 47100 Puchong, Selangor",15-03-2026,CENTRIFUGAL PUMP,FLOW CONTROL,Pump,CLYDE UNION PUMPS,https://water.sabah.gov.my/sites/default/files/uploads/products/17980/jans202416-dryco-filtration-clyde-unions-pumps.pdf,https://water.sabah.gov.my/products?page=8
265,8,"Ate Synergy Sdn Bhd Lot 2, 1st Floor, Bangunan Seri Damai, Lorong Nibung 1A, Off Jalan Kolam, Luyang, 88300 Kota Kinabalu, Sabah.",15-03-2026,ELECTRIC STORAGE WATER HEATER,OTHERS,WATER HEATER,THETA,https://water.sabah.gov.my/sites/default/files/uploads/products/17979/jans202415-ate-energy-sdn-bhd-theta.pdf,https://water.sabah.gov.my/products?page=8
266,8,"Ate Synergy Sdn Bhd Lot 2, 1st Floor, Bangunan Seri Damai, Lorong Nibung 1A, Off Jalan Kolam, Luyang, 88300 Kota Kinabalu, Sabah.",15-03-2026,CENTRIFUGAL PUMP,FLOW CONTROL,Pump,B.G. REICH,https://water.sabah.gov.my/sites/default/files/uploads/products/17978/jans202414-ate-energy-sdn-bhd-bg-reich.pdf,https://water.sabah.gov.my/products?page=8
267,8,"TOMHER SDN BHD Mile 16.5, Jalan Bukit Giling, Off Jalan Tuaran Lama, Telipok, 89200 Tuaran, Sabah.",15-03-2026,POLYETHYLENE (PE/HDPE) PIPE,CONVEYANCE OF WATER,PIPE,TOMHER,https://water.sabah.gov.my/sites/default/files/uploads/products/17957/jans202401-tomher-sdn-bhd-tomher.pdf,https://water.sabah.gov.my/products?page=8
